study_id,site_id,core_id,fraction_organic_matter,percent_organic_matter,latitude,longitude,admin_division
Abbott_et_al_2019,Sabine_National_Wildlife_Refuge,1983-4,0.11513397335747905,11.513397335747905,29.919426718333337,-93.34528391583332,Louisiana
Abbott_et_al_2019,Sabine_National_Wildlife_Refuge,1983-6,0.1087332985854516,10.87332985854516,29.921027103333333,-93.34538804527776,Louisiana
Abbott_et_al_2019,Sabine_National_Wildlife_Refuge,C1-5,0.09577334157684932,9.577334157684932,29.95991099722222,-93.4113032,Louisiana
Abbott_et_al_2019,Sabine_National_Wildlife_Refuge,C2-2,0.09643556331376217,9.643556331376217,29.939681469444444,-93.39785623333334,Louisiana
Abbott_et_al_2019,Sabine_National_Wildlife_Refuge,C3-1,0.09341450407216917,9.341450407216916,29.933492716666667,-93.41669687222225,Louisiana
Abbott_et_al_2019,Sabine_National_Wildlife_Refuge,C3-6,0.10389149002745245,10.389149002745244,29.927238497222223,-93.42027830555556,Louisiana
Abbott_et_al_2019,Sabine_National_Wildlife_Refuge,NR1-1,0.347823850191776,34.782385019177596,29.933483405555556,-93.44007714722224,Louisiana
Abbott_et_al_2019,Sabine_National_Wildlife_Refuge,NR1-2,0.34984387036262743,34.984387036262746,29.929549172222224,-93.43281780555556,Louisiana
Allen_et_al_2022,Naticoke River Marsh 1,NRM_1A,0.30159,30.159000000000002,38.31348,-75.93524,Maryland
Allen_et_al_2022,Naticoke River Marsh 1,NRM_1B,0.41644875000000003,41.644875000000006,38.31888,-75.9369,Maryland
Allen_et_al_2022,Naticoke River Marsh 1,NRM_1C,0.37184375000000003,37.184375,38.31758,-75.94047,Maryland
Allen_et_al_2022,Naticoke River Marsh 2,NRM_2A,0.3052375,30.52375,38.40379,-75.83629,Maryland
Allen_et_al_2022,Naticoke River Marsh 2,NRM_2B,0.25876875,25.876875,38.409910000000004,-75.84022,Maryland
Allen_et_al_2022,Naticoke River Marsh 2,NRM_2C,0.30832625,30.832625000000004,38.40562,-75.84254,Maryland
Allen_et_al_2022,Naticoke River Marsh 3,NRM_3A,0.38696375,38.696374999999996,38.49608,-75.80388,Maryland
Allen_et_al_2022,Naticoke River Marsh 3,NRM_3B,0.21082125000000002,21.082125,38.49857,-75.80261,Maryland
Allen_et_al_2022,Naticoke River Marsh 3,NRM_3C,0.23377,23.377,38.49603,-75.80698,Maryland
Allen_et_al_2022,Naticoke River Marsh 4,NRM_4A,0.5615225,56.15225,38.55793,-75.70613,Maryland
Allen_et_al_2022,Naticoke River Marsh 4,NRM_4B,0.52996375,52.99637499999999,38.55711,-75.7068,Maryland
Allen_et_al_2022,Naticoke River Marsh 4,NRM_4C,0.56273375,56.273375,38.54929,-75.717,Maryland
Allen_et_al_2022,Naticoke River Marsh 5,NRM_5A,0.45229125,45.229124999999996,38.6124,-75.64175,Delaware
Allen_et_al_2022,Naticoke River Marsh 5,NRM_5B,0.256385,25.638499999999997,38.61122,-75.64228,Delaware
Allen_et_al_2022,Naticoke River Marsh 5,NRM_5C,0.5861725,58.61725,38.60271,-75.65287,Delaware
Arias-Ortiz_et_al_2021,US-MyB,Phragmites,0.41259016429018563,41.259016429018565,38.049901,-121.765744,California
Arias-Ortiz_et_al_2021,US-MyB,Typha M1,0.369705551710489,36.9705551710489,38.049846,-121.765356,California
Arias-Ortiz_et_al_2021,US-MyB,Typha M2,0.3532221731480835,35.32221731480835,38.050084,-121.766915,California
Arias-Ortiz_et_al_2021,US-Tw1,Typha W1,0.7395288226185418,73.95288226185419,38.107379,-121.647138,California
Arias-Ortiz_et_al_2021,US-Tw1,Typha W2,0.6659950135132824,66.59950135132824,38.10736,-121.647339,California
Arias-Ortiz_et_al_2021,US-Tw1,Typha W3,0.5159546754893721,51.595467548937215,38.107269,-121.64784,California
Arriola_and_Cable_2017,snipe_creek_hammock,snipe_creek_HE,0.30340333333333336,30.340333333333337,30.0719,-83.95126666666667,Florida
Arriola_and_Cable_2017,snipe_creek_hammock,snipe_creek_HI,0.03022333333333333,3.022333333333333,30.071733333333334,-83.95023333333333,Florida
Arriola_and_Cable_2017,snipe_creek_high_marsh,snipe_creek_F,0.08661,8.661000000000001,30.07775,-83.9461,Florida
Arriola_and_Cable_2017,snipe_creek_high_marsh,snipe_creek_S,0.06148,6.148,30.07675,-83.94756666666666,Florida
Arriola_and_Cable_2017,snipe_creek_low_marsh,snipe_creek_M,0.3615931034482759,36.15931034482759,30.06585,-83.95698333333333,Florida
Arriola_and_Cable_2017,snipe_creek_low_marsh,snipe_creek_MC,0.33014666666666664,33.01466666666666,30.0686,-83.95386666666667,Florida
Baustian_et_al_2021,Barataria basin,175,0.20966666666666667,20.96666666666667,29.288391112,-90.140757793,Louisiana
Baustian_et_al_2021,Barataria basin,211,0.6219666666666667,62.196666666666665,29.787178031,-90.483356862,Louisiana
Baustian_et_al_2021,Barataria basin,224,0.4217,42.17,29.50040552,-89.915682786,Louisiana
Baustian_et_al_2021,Barataria basin,225,0.5112,51.12,29.563333065,-90.008160394,Louisiana
Baustian_et_al_2021,Barataria basin,237,0.19626666666666667,19.62666666666667,29.475593658,-89.943513384,Louisiana
Baustian_et_al_2021,Barataria basin,253,0.3359666666666667,33.59666666666667,29.55395623,-90.074757718,Louisiana
Baustian_et_al_2021,Barataria basin,273,0.8728499999999999,87.285,29.816516862,-90.325110377,Louisiana
Baustian_et_al_2021,Barataria basin,3166,0.8461333333333333,84.61333333333333,29.857378576,-90.287707952,Louisiana
Baustian_et_al_2021,Barataria basin,3565,0.27713333333333334,27.713333333333335,29.502086231,-90.101363529,Louisiana
Baustian_et_al_2021,Barataria basin,3617,0.5288,52.88,29.546413761,-89.914393761,Louisiana
Baustian_et_al_2021,Barataria basin,4245,0.33266666666666667,33.266666666666666,29.673613704,-90.132848578,Louisiana
Baustian_et_al_2021,Barataria basin,BA-01-04,0.9217333333333333,92.17333333333333,29.770699075,-90.291167297,Louisiana
Baustian_et_al_2021,Terrebonne basin,2825,0.6394,63.94,29.496552792,-90.446832774,Louisiana
Baustian_et_al_2021,Terrebonne basin,305,0.1455,14.549999999999999,29.389609722,-91.196037334,Louisiana
Baustian_et_al_2021,Terrebonne basin,309,0.21146666666666666,21.146666666666665,29.252104186,-91.194617808,Louisiana
Baustian_et_al_2021,Terrebonne basin,327,0.6235333333333333,62.353333333333325,29.442900642,-91.068568489,Louisiana
Baustian_et_al_2021,Terrebonne basin,331,0.7699333333333334,76.99333333333334,29.582422554,-90.544965384,Louisiana
Baustian_et_al_2021,Terrebonne basin,337,0.1861,18.61,29.310924599,-90.354254056,Louisiana
Baustian_et_al_2021,Terrebonne basin,367,0.80985,80.985,29.629128417,-90.571035381,Louisiana
Baustian_et_al_2021,Terrebonne basin,377,0.13236666666666666,13.236666666666666,29.231801672,-91.010076699,Louisiana
Baustian_et_al_2021,Terrebonne basin,398,0.27949999999999997,27.949999999999996,29.388554091,-90.917009367,Louisiana
Baustian_et_al_2021,Terrebonne basin,399,0.37066666666666664,37.06666666666666,29.302319496,-91.105471945,Louisiana
Baustian_et_al_2021,Terrebonne basin,4045,0.3984,39.839999999999996,29.377728716,-91.010822388,Louisiana
Baustian_et_al_2021,Terrebonne basin,4455,0.14373333333333332,14.373333333333333,29.257987426,-90.946233452,Louisiana
Blue_Ventures_Unpublished,BV_Unpubl_MHJ1,M1025,0.0546465,5.46465,-15.4759,47.11321,Mahajanga
Blue_Ventures_Unpublished,BV_Unpubl_MHJ10,M1034,0.041084999999999997,4.108499999999999,-15.43797,47.22014,Mahajanga
Blue_Ventures_Unpublished,BV_Unpubl_MHJ11,M1035,0.046495,4.6495,-15.44011,47.22237,Mahajanga
Blue_Ventures_Unpublished,BV_Unpubl_MHJ12,M1036,0.050621,5.0621,-15.65416,46.99915,Mahajanga
Blue_Ventures_Unpublished,BV_Unpubl_MHJ13,M1037,0.0605465,6.0546500000000005,-15.6526,47.01889,Mahajanga
Blue_Ventures_Unpublished,BV_Unpubl_MHJ14,M1038,0.053646,5.3646,-15.65985,46.9825,Mahajanga
Blue_Ventures_Unpublished,BV_Unpubl_MHJ15,M1039,0.04856099999999999,4.8561,-15.64055,47.0153,Mahajanga
Blue_Ventures_Unpublished,BV_Unpubl_MHJ16,M1040,0.0523865,5.23865,-15.63733,47.01191,Mahajanga
Blue_Ventures_Unpublished,BV_Unpubl_MHJ17,M1041,0.0388235,3.8823499999999997,-15.6515,47.0031,Mahajanga
Blue_Ventures_Unpublished,BV_Unpubl_MHJ19,M1043,0.054108500000000004,5.41085,-15.46643,47.08777,Mahajanga
Blue_Ventures_Unpublished,BV_Unpubl_MHJ2,M1026,0.0539855,5.39855,-15.47385,47.11095,Mahajanga
Blue_Ventures_Unpublished,BV_Unpubl_MHJ20,M1044,0.0539735,5.39735,-15.47091,47.09248,Mahajanga
Blue_Ventures_Unpublished,BV_Unpubl_MHJ21,M1045,0.0527615,5.27615,-15.46176,47.09236,Mahajanga
Blue_Ventures_Unpublished,BV_Unpubl_MHJ22,M1046,0.068786,6.8786,-15.4573,47.09234,Mahajanga
Blue_Ventures_Unpublished,BV_Unpubl_MHJ24,M1048,0.058522000000000005,5.852200000000001,-15.48493,47.03671,Mahajanga
Blue_Ventures_Unpublished,BV_Unpubl_MHJ26,M1050,0.059059,5.9059,-15.48486,47.04603,Mahajanga
Blue_Ventures_Unpublished,BV_Unpubl_MHJ27,M1051,0.0754615,7.54615,-15.58837,46.91308,Mahajanga
Blue_Ventures_Unpublished,BV_Unpubl_MHJ28,M1052,0.1060235,10.602350000000001,-15.58394,46.9174,Mahajanga
Blue_Ventures_Unpublished,BV_Unpubl_MHJ29,M1053,0.138052,13.805200000000001,-15.58611,46.93982,Mahajanga
Blue_Ventures_Unpublished,BV_Unpubl_MHJ3,M1027,0.041434,4.1434,-15.47812,47.10877,Mahajanga
Blue_Ventures_Unpublished,BV_Unpubl_MHJ30,M1054,0.0483065,4.83065,-15.52796,47.02455,Mahajanga
Blue_Ventures_Unpublished,BV_Unpubl_MHJ31,M1055,0.0381855,3.8185499999999997,-15.51429,47.02285,Mahajanga
Blue_Ventures_Unpublished,BV_Unpubl_MHJ32,M1056,0.038822499999999996,3.8822499999999995,-15.51984,47.02168,Mahajanga
Blue_Ventures_Unpublished,BV_Unpubl_MHJ33,M1057,0.0465865,4.658650000000001,-15.52792,47.03859,Mahajanga
Blue_Ventures_Unpublished,BV_Unpubl_MHJ34,M1058,0.04303599999999999,4.303599999999999,-15.5468,47.04011,Mahajanga
Blue_Ventures_Unpublished,BV_Unpubl_MHJ35,M1059,0.038198499999999996,3.8198499999999997,-15.53994,47.04843,Mahajanga
Blue_Ventures_Unpublished,BV_Unpubl_MHJ37,M1061,0.037122,3.7122,-15.52123,47.0161,Mahajanga
Blue_Ventures_Unpublished,BV_Unpubl_MHJ38,M1062,0.04790899999999999,4.7909,-15.53327,47.0358,Mahajanga
Blue_Ventures_Unpublished,BV_Unpubl_MHJ39,M1063,0.043334,4.3334,-15.54271,47.03867,Mahajanga
Blue_Ventures_Unpublished,BV_Unpubl_MHJ4,M1028,0.04936199999999999,4.936199999999999,-15.47816,47.10429,Mahajanga
Blue_Ventures_Unpublished,BV_Unpubl_MHJ40,M1064,0.030499,3.0499,-15.54203,46.99533,Mahajanga
Blue_Ventures_Unpublished,BV_Unpubl_MHJ42,M1066,0.053218499999999995,5.3218499999999995,-15.53659,46.99864,Mahajanga
Blue_Ventures_Unpublished,BV_Unpubl_MHJ43,M1067,0.0433565,4.33565,-15.47285,47.20491,Mahajanga
Blue_Ventures_Unpublished,BV_Unpubl_MHJ44,M1068,0.047170500000000004,4.71705,-15.47078,47.19588,Mahajanga
Blue_Ventures_Unpublished,BV_Unpubl_MHJ45,M1069,0.056178000000000006,5.617800000000001,-15.46853,47.20257,Mahajanga
Blue_Ventures_Unpublished,BV_Unpubl_MHJ46,M1070,0.1136725,11.36725,-15.54468,46.9439,Mahajanga
Blue_Ventures_Unpublished,BV_Unpubl_MHJ47,M1071,0.11043649999999999,11.04365,-15.5447,46.94166,Mahajanga
Blue_Ventures_Unpublished,BV_Unpubl_MHJ48,M1072,0.1003035,10.03035,-15.59689,46.92649,Mahajanga
Blue_Ventures_Unpublished,BV_Unpubl_MHJ5,M1029,0.033537,3.3537,-15.48466,47.10435,Mahajanga
Blue_Ventures_Unpublished,BV_Unpubl_MHJ50,M1074,0.1326485,13.264850000000001,-15.60113,46.92216,Mahajanga
Blue_Ventures_Unpublished,BV_Unpubl_MHJ6,M1030,0.044958,4.4958,-15.48044,47.09529,Mahajanga
Blue_Ventures_Unpublished,BV_Unpubl_MHJ7,M1031,0.050145999999999996,5.0146,-15.46738,47.09747,Mahajanga
Blue_Ventures_Unpublished,BV_Unpubl_MHJ8,M1032,0.042397,4.2397,-15.46512,47.10639,Mahajanga
Blue_Ventures_Unpublished,BV_Unpubl_MHJ9,M1033,0.0352355,3.52355,-15.46076,47.10859,Mahajanga
Boyd_2012,Blackbird_Creek_Marsh,BBRC1,0.20964173092679828,20.96417309267983,39.375811,-75.651786,Delaware
Boyd_2012,Blackbird_Creek_Marsh,BBRC2,0.2447714616304746,24.47714616304746,39.378697,-75.643872,Delaware
Boyd_2012,Broad_Dyke_Marsh,NCBD1,0.3578792411365513,35.78792411365513,39.666314,-75.567868,Delaware
Boyd_2012,Broad_Dyke_Marsh,NCBD2,0.2629622793560679,26.29622793560679,39.66571,-75.559982,Delaware
Boyd_2012,Broad_Dyke_Marsh,NCBD3,0.45491753085228886,45.491753085228886,39.667368,-75.564615,Delaware
Boyd_2012,Buttonwood_Marsh,NCBW1,0.18595196553605672,18.59519655360567,39.676677,-75.554368,Delaware
Boyd_2012,Buttonwood_Marsh,NCBW2,0.10410265845357013,10.410265845357012,39.672176,-75.552823,Delaware
Boyd_2012,Buttonwood_Marsh,NCBW3,0.13559277376219414,13.559277376219415,39.674905,-75.552347,Delaware
Boyd_2012,Gambacorta_Marsh,NCGB1,0.3294427290896003,32.94427290896003,39.655706,-75.574378,Delaware
Boyd_2012,Gambacorta_Marsh,NCGB2,0.2750305731483667,27.50305731483667,39.656914,-75.570169,Delaware
Boyd_2012,Gambacorta_Marsh,NCGB3,0.4087617444179286,40.87617444179286,39.657391,-75.575393,Delaware
Boyd_2012,Little_Creek_Marsh,LC1,0.23476771157236073,23.476771157236072,39.145008,-75.423547,Delaware
Boyd_2012,Little_Creek_Marsh,LC2,0.19386596215045557,19.386596215045557,39.151014,-75.414794,Delaware
Boyd_2012,Little_Creek_Marsh,LC3,0.2195135050405002,21.951350504050023,39.157496,-75.426916,Delaware
Boyd_2012,Lukens_Marsh,NCLM1,0.17206951980499965,17.206951980499966,39.687158,-75.544244,Delaware
Boyd_2012,Lukens_Marsh,NCLM2,0.13170864516126254,13.170864516126255,39.686761,-75.542156,Delaware
Boyd_2012,Lukens_Marsh,NCLM3,0.20914211578939626,20.914211578939625,39.686297,-75.540714,Delaware
Boyd_2012,Pickering_Beach_Marsh,PK1,0.2866437691369492,28.664376913694923,39.136889,-75.416706,Delaware
Boyd_2012,Pickering_Beach_Marsh,PK2,0.19840477904242834,19.840477904242835,39.137907,-75.412275,Delaware
Boyd_2012,Pickering_Beach_Marsh,PK3,0.21916834424888912,21.91683442488891,39.133195,-75.41131,Delaware
Boyd_2012,Port_Mahon_Marsh,MH1,0.2492780278572846,24.92780278572846,39.172129,-75.415222,Delaware
Boyd_2012,Port_Mahon_Marsh,MH2,0.11810718283186084,11.810718283186084,39.162247,-75.420234,Delaware
Boyd_2012,Port_Mahon_Marsh,MH3,0.35014632772792764,35.014632772792766,39.162596,-75.427651,Delaware
Boyd_2012,Rivers_Edge_Marsh,NCRE1,0.18281520339055954,18.281520339055955,39.639179,-75.604275,Delaware
Boyd_2012,Rivers_Edge_Marsh,NCRE2,0.21581788707558894,21.581788707558893,39.638171,-75.601251,Delaware
Boyd_2012,Rivers_Edge_Marsh,NCRE3,0.21265440704901467,21.26544070490147,39.638604,-75.599228,Delaware
Boyd_2012,Ted_Harvey_Conservation_Area,TH1,0.2572556074416031,25.72556074416031,39.074915,-75.416785,Delaware
Boyd_2012,Ted_Harvey_Conservation_Area,TH2,0.10959421467602007,10.959421467602008,39.075758,-75.407264,Delaware
Boyd_2012,Ted_Harvey_Conservation_Area,TH3,0.2541547681506472,25.415476815064718,39.082936,-75.407043,Delaware
Boyd_2012,Ted_Harvey_Conservation_Area,TH4,0.11709363286532763,11.709363286532763,39.085238,-75.403832,Delaware
Boyd_2012,Ted_Harvey_Conservation_Area,TH5,0.18413409552393525,18.413409552393524,39.090229,-75.403721,Delaware
Boyd_2012,Ted_Harvey_Conservation_Area,TH6,0.152516720373589,15.2516720373589,39.096435,-75.401939,Delaware
Boyd_and_Sommerfield_2016,Prime_Hook_National_Wildlife_Refuge,PM1,0.24996148885237718,24.99614888523772,38.879926,-75.280343,Delaware
Boyd_and_Sommerfield_2016,Prime_Hook_National_Wildlife_Refuge,PM10,0.6674858633092335,66.74858633092336,38.81105,-75.205328,Delaware
Boyd_and_Sommerfield_2016,Prime_Hook_National_Wildlife_Refuge,PM11,0.6546637219240969,65.4663721924097,38.811936,-75.209589,Delaware
Boyd_and_Sommerfield_2016,Prime_Hook_National_Wildlife_Refuge,PM12,0.37004825523518114,37.004825523518114,38.806644,-75.202097,Delaware
Boyd_and_Sommerfield_2016,Prime_Hook_National_Wildlife_Refuge,PM2,0.2258016248845702,22.58016248845702,38.904362,-75.296947,Delaware
Boyd_and_Sommerfield_2016,Prime_Hook_National_Wildlife_Refuge,PM3,0.09345919523880698,9.3459195238807,38.874741,-75.270113,Delaware
Boyd_and_Sommerfield_2016,Prime_Hook_National_Wildlife_Refuge,PM4,0.17426639726152515,17.426639726152516,38.856592,-75.256524,Delaware
Boyd_and_Sommerfield_2016,Prime_Hook_National_Wildlife_Refuge,PM5,0.3131741640703311,31.31741640703311,38.828706,-75.226192,Delaware
Boyd_and_Sommerfield_2016,Prime_Hook_National_Wildlife_Refuge,PM6,0.4598826142071365,45.98826142071365,38.833549,-75.259967,Delaware
Boyd_and_Sommerfield_2016,Prime_Hook_National_Wildlife_Refuge,PM7,0.4242874578039772,42.42874578039772,38.890996,-75.296416,Delaware
Boyd_and_Sommerfield_2016,Prime_Hook_National_Wildlife_Refuge,PM8,0.12785863869968087,12.785863869968086,38.872083,-75.26415,Delaware
Boyd_and_Sommerfield_2016,Prime_Hook_National_Wildlife_Refuge,PM9,0.24955062376397352,24.95506237639735,38.847229,-75.25312,Delaware
Boyd_et_al_2017,Channel_Creek,CC1,0.2926666666666667,29.26666666666667,39.626412,-74.257139,New Jersey
Boyd_et_al_2017,Channel_Creek,CC2,0.32266666666666666,32.266666666666666,39.629015,-74.257836,New Jersey
Boyd_et_al_2017,Channel_Creek,CC3,0.30933333333333335,30.933333333333334,39.632963,-74.259188,New Jersey
Boyd_et_al_2017,Dennis_Creek,DN1,0.358,35.8,39.171719,-74.875761,New Jersey
Boyd_et_al_2017,Dennis_Creek,DN2,0.2693333333333333,26.93333333333333,39.176258,-74.862284,New Jersey
Boyd_et_al_2017,Dennis_Creek,DN3,0.268,26.8,39.180457,-74.838281,New Jersey
Boyd_et_al_2017,Dividing_Creek,DV1,0.26666666666666666,26.666666666666668,39.225195,-75.107766,New Jersey
Boyd_et_al_2017,Dividing_Creek,DV2,0.198,19.8,39.235697,-75.112711,New Jersey
Boyd_et_al_2017,Dividing_Creek,DV3,0.5253333333333333,52.53333333333333,39.240992,-75.103073,New Jersey
Boyd_et_al_2017,Island_Beach_State_Park,IB1,0.5106666666666667,51.06666666666667,39.79875,-74.102498,New Jersey
Boyd_et_al_2017,Island_Beach_State_Park,IB2,0.5,50,39.799347,-74.101724,New Jersey
Boyd_et_al_2017,Island_Beach_State_Park,IB3,0.49133333333333334,49.13333333333333,39.799634,-74.099346,New Jersey
Boyd_et_al_2017,Maurice_River,MR1,0.2,20,39.242347,-75.011272,New Jersey
Boyd_et_al_2017,Maurice_River,MR2,0.19066666666666668,19.066666666666666,39.26585,-74.995256,New Jersey
Boyd_et_al_2017,Reedy_Creek,RC1,0.5006666666666667,50.06666666666667,40.030725,-74.077599,New Jersey
Boyd_et_al_2017,Reedy_Creek,RC2,0.522,52.2,40.029045000000004,-74.084554,New Jersey
Boyd_et_al_2017,Reedy_Creek,RC3,0.5393333333333333,53.93333333333333,40.031056,-74.085961,New Jersey
Breithaupt_et_al_2014,WSC-5,SH3-1,0.4282841478,42.82841478,25.363925,-81.07849444444444,Florida
Breithaupt_et_al_2014,WSC-5,SH3-3,0.4045734598333333,40.45734598333333,25.363925,-81.07849444444444,Florida
Breithaupt_et_al_2014,WSC-5,SH3-5,0.5938819912666666,59.38819912666666,25.363955555555556,-81.07661388888889,Florida
Breithaupt_et_al_2014,WSC-5,SH3-8,0.5632202699666666,56.322026996666665,25.362861111111112,-81.07777777777777,Florida
Breithaupt_et_al_2014,WSC-5,SH3-9,0.5590128165333333,55.901281653333335,25.362858333333335,-81.07776944444444,Florida
Breithaupt_et_al_2020,SMg,WSC8A,0.6295833333333334,62.958333333333336,25.42345,-81.060336,Florida
Buffington_et_al_2020,Miner_Slough,MS-C1,0.20854066666666665,20.854066666666665,38.23409,-121.67174,California
Burden_et_al_2018,Barrow Hill,Barro_4_1,0.07803217553,7.803217553,51.796005309857634,0.9246317493388962,NA
Burden_et_al_2018,Barrow Hill,Barro_4_2,0.06980746026000001,6.980746026000001,51.796005309857634,0.9246317493388962,NA
Burden_et_al_2018,Barrow Hill,Barro_4_3,0.07110182768,7.110182768,51.796005309857634,0.9246317493388962,NA
Burden_et_al_2018,Barrow Hill,Barro_4_4,0.07590350156,7.590350156,51.796005309857634,0.9246317493388962,NA
Burden_et_al_2018,Barrow Hill Natural,Barro_13_1,0.08601206462000001,8.601206462,51.79662258166483,0.9229599221055612,NA
Burden_et_al_2018,Barrow Hill Natural,Barro_13_2,0.08604476399,8.604476399,51.79662258166483,0.9229599221055612,NA
Burden_et_al_2018,Barrow Hill Natural,Barro_13_3,0.1292179754,12.921797539999998,51.79662258166483,0.9229599221055612,NA
Burden_et_al_2018,Barrow Hill Natural,Barro_13_4,0.0886035838,8.86035838,51.79662258166483,0.9229599221055612,NA
Burden_et_al_2018,Brandy Hole,Brand_9_1,0.06387138159,6.387138159,51.62855561563866,0.6465715883748444,NA
Burden_et_al_2018,Brandy Hole,Brand_9_2,0.08169578256,8.169578256,51.62855561563866,0.6465715883748444,NA
Burden_et_al_2018,Brandy Hole,Brand_9_3,0.06593723302,6.593723302,51.62855561563866,0.6465715883748444,NA
Burden_et_al_2018,Brandy Hole,Brand_9_4,0.07804465005,7.804465005,51.62855561563866,0.6465715883748444,NA
Burden_et_al_2018,Brandy Hole Natural,Brand_17_1,0.07634992085999999,7.634992085999999,51.62913773056369,0.6470824132715728,NA
Burden_et_al_2018,Brandy Hole Natural,Brand_17_2,0.09210471509,9.210471509,51.62913773056369,0.6470824132715728,NA
Burden_et_al_2018,Brandy Hole Natural,Brand_17_3,0.1106039876,11.06039876,51.62913773056369,0.6470824132715728,NA
Burden_et_al_2018,Brandy Hole Natural,Brand_17_4,0.1007543779,10.07543779,51.62913773056369,0.6470824132715728,NA
Burden_et_al_2018,Ferry Lane (B),Ferry_5_1,0.0591762969,5.91762969,51.852075990874646,0.961384296864546,NA
Burden_et_al_2018,Ferry Lane (B),Ferry_5_2,0.06863933041,6.863933041,51.852075990874646,0.961384296864546,NA
Burden_et_al_2018,Ferry Lane (B),Ferry_5_3,0.06808307616999999,6.808307617,51.852075990874646,0.961384296864546,NA
Burden_et_al_2018,Ferry Lane (B),Ferry_5_4,0.06466985039,6.466985039000001,51.852075990874646,0.961384296864546,NA
Burden_et_al_2018,Ferry Lane (B) Natural,Ferry_14_1,0.07565666237,7.565666237,51.85237640494881,0.9619559751754332,NA
Burden_et_al_2018,Ferry Lane (B) Natural,Ferry_14_2,0.1096831798,10.96831798,51.85237640494881,0.9619559751754332,NA
Burden_et_al_2018,Ferry Lane (B) Natural,Ferry_14_3,0.08210547709,8.210547709,51.85237640494881,0.9619559751754332,NA
Burden_et_al_2018,Ferry Lane (B) Natural,Ferry_14_4,0.08131814334,8.131814334,51.85237640494881,0.9619559751754332,NA
Burden_et_al_2018,North Fambridge,North_8_1,0.05577402088,5.5774020879999995,51.6384276145574,0.6670082434605549,NA
Burden_et_al_2018,North Fambridge,North_8_2,0.0617826486,6.17826486,51.6384276145574,0.6670082434605549,NA
Burden_et_al_2018,North Fambridge,North_8_3,0.05715713007,5.715713007,51.6384276145574,0.6670082434605549,NA
Burden_et_al_2018,North Fambridge,North_8_4,0.05636099101,5.636099101,51.6384276145574,0.6670082434605549,NA
Burden_et_al_2018,North Fambridge Natural,North_16_1,0.05630073227999999,5.630073227999999,51.638504671622776,0.6655961379335561,NA
Burden_et_al_2018,North Fambridge Natural,North_16_2,0.0657494687,6.57494687,51.638504671622776,0.6655961379335561,NA
Burden_et_al_2018,North Fambridge Natural,North_16_3,0.06739539305,6.739539305,51.638504671622776,0.6655961379335561,NA
Burden_et_al_2018,North Fambridge Natural,North_16_4,0.07696713682,7.696713682,51.638504671622776,0.6655961379335561,NA
Burden_et_al_2018,Northey Island,North_7_1,0.09209589366,9.209589366,51.71880209702564,0.7191774283537885,NA
Burden_et_al_2018,Northey Island,North_7_2,0.1476569316,14.765693160000001,51.71880209702564,0.7191774283537885,NA
Burden_et_al_2018,Northey Island,North_7_3,0.1271557104,12.71557104,51.71880209702564,0.7191774283537885,NA
Burden_et_al_2018,Northey Island,North_7_4,0.160862567,16.0862567,51.71880209702564,0.7191774283537885,NA
Burden_et_al_2018,Northey MR,North_3_1,0.08449813937,8.449813937,51.718386680182135,0.7161404378966785,NA
Burden_et_al_2018,Northey MR,North_3_2,0.07070356377,7.070356377,51.718386680182135,0.7161404378966785,NA
Burden_et_al_2018,Northey MR,North_3_3,0.07905236136,7.905236136,51.718386680182135,0.7161404378966785,NA
Burden_et_al_2018,Northey MR,North_3_4,0.08393088287,8.393088287,51.718386680182135,0.7161404378966785,NA
Burden_et_al_2018,Northey Natural,North_12_1,0.1116756699,11.16756699,51.718997993267706,0.7110941817977191,NA
Burden_et_al_2018,Northey Natural,North_12_2,0.1038735379,10.387353789999999,51.718997993267706,0.7110941817977191,NA
Burden_et_al_2018,Northey Natural,North_12_3,0.170013557,17.0013557,51.718997993267706,0.7110941817977191,NA
Burden_et_al_2018,Northey Natural,North_12_4,0.1588443018,15.88443018,51.718997993267706,0.7110941817977191,NA
Burden_et_al_2018,Orplands,Orpla_2_1,0.05909924173,5.909924173,51.718364280656694,0.8650641365414264,NA
Burden_et_al_2018,Orplands,Orpla_2_2,0.05901314417,5.901314417,51.718364280656694,0.8650641365414264,NA
Burden_et_al_2018,Orplands,Orpla_2_3,0.05095280096999999,5.095280096999999,51.718364280656694,0.8650641365414264,NA
Burden_et_al_2018,Orplands,Orpla_2_4,0.06480662703000001,6.480662703000001,51.718364280656694,0.8650641365414264,NA
Burden_et_al_2018,Orplands Natural,Orpla_11_1,0.123196877,12.3196877,51.717943506117145,0.8616633775564163,NA
Burden_et_al_2018,Orplands Natural,Orpla_11_2,0.1025841896,10.25841896,51.717943506117145,0.8616633775564163,NA
Burden_et_al_2018,Orplands Natural,Orpla_11_3,0.07260627629,7.260627628999999,51.717943506117145,0.8616633775564163,NA
Burden_et_al_2018,Orplands Natural,Orpla_11_4,0.0678644987,6.78644987,51.717943506117145,0.8616633775564163,NA
Burden_et_al_2018,Tollesbury,Tolle_1_1,0.03854101982,3.854101982,51.76603458657107,0.8384666601485214,NA
Burden_et_al_2018,Tollesbury,Tolle_1_2,0.04036161081,4.0361610809999995,51.76603458657107,0.8384666601485214,NA
Burden_et_al_2018,Tollesbury,Tolle_1_3,0.03833551111,3.833551111,51.76603458657107,0.8384666601485214,NA
Burden_et_al_2018,Tollesbury,Tolle_1_4,0.04815344442,4.815344442,51.76603458657107,0.8384666601485214,NA
Burden_et_al_2018,Tollesbury Field,Tolle_21_4,0.04050790817,4.050790817,51.76780080276881,0.8372147899329379,NA
Burden_et_al_2018,Tollesbury Field,Tolle_21_5,0.037666262,3.7666261999999997,51.76780080276881,0.8372147899329379,NA
Burden_et_al_2018,Tollesbury Field,Tolle_21_6,0.03189284485,3.189284485,51.76780080276881,0.8372147899329379,NA
Burden_et_al_2018,Tollesbury Natural,Tolle_10_1,0.1855690542,18.55690542,51.76865751708997,0.8382398773546809,NA
Burden_et_al_2018,Tollesbury Natural,Tolle_10_2,0.175091779,17.5091779,51.76865751708997,0.8382398773546809,NA
Burden_et_al_2018,Tollesbury Natural,Tolle_10_3,0.1952183957,19.521839569999997,51.76865751708997,0.8382398773546809,NA
Burden_et_al_2018,Tollesbury Natural,Tolle_10_4,0.2385558928,23.85558928,51.76865751708997,0.8382398773546809,NA
Burden_et_al_2018,Wallasea Island,Walla_6_1,0.05319313597,5.319313597,51.62153646556234,0.8092041434925563,NA
Burden_et_al_2018,Wallasea Island,Walla_6_2,0.04495139974999999,4.495139974999999,51.62153646556234,0.8092041434925563,NA
Burden_et_al_2018,Wallasea Island,Walla_6_3,0.0451819517,4.51819517,51.62153646556234,0.8092041434925563,NA
Burden_et_al_2018,Wallasea Island,Walla_6_4,0.03821931787,3.821931787,51.62153646556234,0.8092041434925563,NA
Burden_et_al_2018,Wallasea Island Natural,Walla_15_1,0.05277846997,5.277846997,51.62068832910428,0.8130677157987343,NA
Burden_et_al_2018,Wallasea Island Natural,Walla_15_2,0.074297899,7.4297899,51.62068832910428,0.8130677157987343,NA
Burden_et_al_2018,Wallasea Island Natural,Walla_15_3,0.06766994058,6.766994058000001,51.62068832910428,0.8130677157987343,NA
Burden_et_al_2018,Wallasea Island Natural,Walla_15_4,0.07320110561,7.320110561,51.62068832910428,0.8130677157987343,NA
Callaway_et_al_2019,Brown_Island,Browns_Island_A_High,0.5671013278666667,56.71013278666667,38.036383,-121.858572,California
Callaway_et_al_2019,Brown_Island,Browns_Island_A_Low,0.20948762113333333,20.948762113333334,38.038669,-121.859364,California
Callaway_et_al_2019,Brown_Island,Browns_Island_A_Mid,0.47702832593333333,47.70283259333333,38.037589,-121.859037,California
Callaway_et_al_2019,Brown_Island,Browns_Island_B_High,0.42266467986666667,42.26646798666667,38.036008,-121.867879,California
Callaway_et_al_2019,Brown_Island,Browns_Island_B_Low,0.2858584391333333,28.58584391333333,38.038047,-121.868452,California
Callaway_et_al_2019,Brown_Island,Browns_Island_B_Mid,0.4425396222,44.25396222,38.037087,-121.868109,California
Callaway_et_al_2019,China_Camp,China_Camp_A_High,0.18679984926666668,18.679984926666666,38.008607,-122.48717,California
Callaway_et_al_2019,China_Camp,China_Camp_A_Low,0.1338370635625,13.38370635625,38.010989,-122.485167,California
Callaway_et_al_2019,China_Camp,China_Camp_A_Mid,0.08469035026666667,8.469035026666667,38.009774,-122.485707,California
Callaway_et_al_2019,China_Camp,China_Camp_B_High,0.1201804144,12.018041440000001,38.012053,-122.500265,California
Callaway_et_al_2019,China_Camp,China_Camp_B_Low,0.09287384406666667,9.287384406666668,38.015378,-122.498522,California
Callaway_et_al_2019,China_Camp,China_Camp_B_Mid,0.16187591493333334,16.187591493333333,38.013872,-122.499442,California
Callaway_et_al_2019,Cogswell,Cogswell_A_high,0.07905178333333333,7.905178333333334,37.640982,-122.148279,California
Callaway_et_al_2019,Cogswell,Cogswell_A_low,0.09950792766666666,9.950792766666666,37.638647,-122.149693,California
Callaway_et_al_2019,Cogswell,Cogswell_A_mid,0.0829090638,8.290906380000001,37.639781,-122.148788,California
Callaway_et_al_2019,Cogswell,Cogswell_B_high,0.08389481606666667,8.389481606666667,37.635616,-122.150167,California
Callaway_et_al_2019,Cogswell,Cogswell_B_low,0.07188061473333333,7.188061473333334,37.632828,-122.151611,California
Callaway_et_al_2019,Cogswell,Cogswell_B_mid,0.07713047566666667,7.713047566666667,37.63431,-122.15068,California
Callaway_et_al_2019,Coon_Island,Coon_Island_A_High,0.17654086753333334,17.654086753333335,38.193959,-122.323214,California
Callaway_et_al_2019,Coon_Island,Coon_Island_A_Low,0.0737072038,7.37072038,38.196112,-122.321028,California
Callaway_et_al_2019,Coon_Island,Coon_Island_A_Mid,0.1784375216,17.84375216,38.194802,-122.322285,California
Callaway_et_al_2019,Coon_Island,Coon_Island_B_High,0.18215692213333334,18.215692213333334,38.192405,-122.323331,California
Callaway_et_al_2019,Coon_Island,Coon_Island_B_Mid,0.09523227193333333,9.523227193333334,38.18979,-122.322913,California
Callaway_et_al_2019,Coon_Island,Coon_Island_C_High,0.15506251086666667,15.506251086666667,38.19595,-122.32569,California
Callaway_et_al_2019,Coon_Island,Coon_Island_C_Low,0.0852599374,8.52599374,38.1986,-122.323662,California
Callaway_et_al_2019,Coon_Island,Coon_Island_C_Mid,0.22795692373333332,22.79569237333333,38.197805,-122.325346,California
Callaway_et_al_2019,Coon_Island,Coon_Island_D_High,0.11801343986666667,11.801343986666666,38.189456,-122.320668,California
Callaway_et_al_2019,Coon_Island,Coon_Island_D_Low,0.19712398326666666,19.712398326666666,38.186543,-122.319232,California
Callaway_et_al_2019,Coon_Island,Coon_Island_D_Mid,0.13304091986666666,13.304091986666666,38.187623,-122.319822,California
Callaway_et_al_2019,Muzzi,Muzzi_A_high,0.09043733866666667,9.043733866666667,37.928145,-122.508436,California
Callaway_et_al_2019,Muzzi,Muzzi_A_low,0.10818846313333333,10.818846313333333,37.929569,-122.503666,California
Callaway_et_al_2019,Muzzi,Muzzi_A_mid,0.11247082553333333,11.247082553333334,37.928829,-122.505893,California
Callaway_et_al_2019,Muzzi,Muzzi_B_high,0.09874675200000001,9.8746752,37.926451,-122.509081,California
Callaway_et_al_2019,Muzzi,Muzzi_B_low,0.0903258376,9.03258376,37.927304,-122.503612,California
Callaway_et_al_2019,Muzzi,Muzzi_B_mid,0.09245388166666667,9.245388166666666,37.926955,-122.50623,California
Callaway_et_al_2019,Petaluma_River,Petaluma_River_Marsh_A_High,0.2648924352,26.48924352,38.17819,-122.553551,California
Callaway_et_al_2019,Petaluma_River,Petaluma_River_Marsh_A_Low,0.07467543880000001,7.467543880000001,38.179712,-122.543043,California
Callaway_et_al_2019,Petaluma_River,Petaluma_River_Marsh_A_Mid,0.18941690253333332,18.94169025333333,38.178553,-122.549684,California
Callaway_et_al_2019,Petaluma_River,Petaluma_River_Marsh_B_High,0.23557333706666667,23.557333706666668,38.16315,-122.554428,California
Callaway_et_al_2019,Petaluma_River,Petaluma_River_Marsh_B_Low,0.08248136473333334,8.248136473333334,38.158771,-122.553676,California
Callaway_et_al_2019,Petaluma_River,Petaluma_River_Marsh_B_Mid,0.12563853633333333,12.563853633333332,38.16128,-122.554058,California
Callaway_et_al_2019,Rush_Ranch,Rush_Ranch_A_High,0.28614530573333335,28.614530573333337,38.191488,-122.013634,California
Callaway_et_al_2019,Rush_Ranch,Rush_Ranch_A_Low,0.15625655313333334,15.625655313333334,38.18954,-122.011907,California
Callaway_et_al_2019,Rush_Ranch,Rush_Ranch_A_Mid,0.37695607806666664,37.695607806666665,38.190525,-122.012788,California
Callaway_et_al_2019,Rush_Ranch,Rush_Ranch_B_High,0.24664897353333334,24.664897353333334,38.202337,-122.036942,California
Callaway_et_al_2019,Rush_Ranch,Rush_Ranch_B_Low,0.2022123212,20.22123212,38.202419,-122.039424,California
Callaway_et_al_2019,Rush_Ranch,Rush_Ranch_B_Mid,0.40719578866666667,40.719578866666666,38.202247,-122.038437,California
Callaway_et_al_2019,Whale's_Tail,Whales_Tail_A_High,0.11127259246666667,11.127259246666666,37.600374,-122.142273,California
Callaway_et_al_2019,Whale's_Tail,Whales_Tail_A_Low,0.08080622693333334,8.080622693333334,37.600394,-122.143951,California
Callaway_et_al_2019,Whale's_Tail,Whales_Tail_A_Mid,0.11814892986666667,11.814892986666667,37.600351,-122.14556,California
Callaway_et_al_2019,Whale's_Tail,Whales_Tail_B_High,0.08771511853333333,8.771511853333333,37.587746,-122.141849,California
Callaway_et_al_2019,Whale's_Tail,Whales_Tail_B_Low,0.082953816,8.2953816,37.589494,-122.145483,California
Callaway_et_al_2019,Whale's_Tail,Whales_Tail_B_Mid,0.0834814142,8.348141420000001,37.588646,-122.143571,California
Carlin_et_al_2021,ELM1812,ELM1812-PWA1,0.1563321270588587,15.633212705885871,37.615583,-122.11405,California
Carlin_et_al_2021,ELM1812,ELM1812-SPA2,0.1578024106607516,15.78024106607516,37.615667,-122.113967,California
Ceron-Breton_et_al_2011,JGCB11 SA3,M0432,0.04498666666666666,4.498666666666666,18.635537037037036,-91.78361111111111,Campeche
Chambers_et_al_2019,1,1_1,0.23910599999999999,23.9106,29.4436,-89.8998,Louisiana
Chambers_et_al_2019,1,1_2,0.22450175,22.450175,29.4436,-89.8998,Louisiana
Chambers_et_al_2019,1,1_3,0.2323555,23.23555,29.4436,-89.8998,Louisiana
Chambers_et_al_2019,2,2_1,0.20741375,20.741375,29.4417,-89.9013,Louisiana
Chambers_et_al_2019,2,2_2,0.22577675,22.577675,29.4417,-89.9013,Louisiana
Chambers_et_al_2019,2,2_3,0.17622949999999998,17.62295,29.4417,-89.9013,Louisiana
Chambers_et_al_2019,3,3_1,0.152802,15.280199999999999,29.4414,-89.9026,Louisiana
Chambers_et_al_2019,3,3_2,0.131671375,13.1671375,29.4414,-89.9026,Louisiana
Chambers_et_al_2019,3,3_3,0.13424339999999998,13.424339999999999,29.4414,-89.9026,Louisiana
Chen_and_Twilley_1999,RC99 S1,M0018,0.3002726666666667,30.02726666666667,25.362304,-81.108188,Florida
Chen_and_Twilley_1999,RC99 S3,M0019,0.47346,47.346,25.365286,-81.08602,Florida
Chen_and_Twilley_1999,RC99 S4,M0020,0.6131786666666666,61.31786666666667,25.378163,-81.033439,Florida
Chen_and_Twilley_1999,RC99 S6,M0021,0.803058,80.3058,25.417346,-80.954333,Florida
DelVecchia_et_al_2014,AGD14 BR 1,M1310,0.12242182180000001,12.24218218,0.564864,-80.002429,Esmeraldas
DelVecchia_et_al_2014,AGD14 BR 3,M1311,0.1737410208,17.37410208,0.565026,-79.999949,Esmeraldas
DelVecchia_et_al_2014,AGD14 BR 4,M1312,0.212699972,21.2699972,0.564339,-80.001377,Esmeraldas
DelVecchia_et_al_2014,AGD14 BR 6,M1313,0.2170932652,21.70932652,0.566157,-80.00109,Esmeraldas
DelVecchia_et_al_2014,AGD14 BR 7,M1314,0.1876428808,18.76428808,0.565832,-80.001844,Esmeraldas
DelVecchia_et_al_2014,AGD14 PL 2,M1309,0.09790193433333333,9.790193433333332,0.627087,-80.027614,Esmeraldas
DelVecchia_et_al_2014,AGD14 TM 1,M1315,0.1338246152,13.38246152,0.559662,-79.998071,Esmeraldas
DelVecchia_et_al_2014,AGD14 TM 6,M1316,0.21348024519999997,21.348024519999996,0.557907,-79.999644,Esmeraldas
Drexler_et_al_2009,Bacon Channel Island,BACHI,0.5026666666666666,50.26666666666666,38.010006,-121.5569,California
Drexler_et_al_2009,Franks Wetland,FW,0.3173950942857143,31.739509428571427,38.060906,-121.609758,California
Drexler_et_al_2009,Time of Mandeval Tip,TT,0.2777142857142857,27.77142857142857,38.064606,-121.537556,California
Fourqurean_and_Kendrick_unpublished,Shark_Bay,Fourqurean_and_Kendrick_unpublished_63,0.017157247173080013,1.7157247173080012,-25.7451,114.08416,NA
Gerlach_et_al_2017,Long_Island,LI_15_5D,0.7206666666666667,72.06666666666666,26.968293,-82.005617,Florida
Gerlach_et_al_2017,Mill_Bayou,LMR_14_9B,0.6975,69.75,27.698092,-82.455872,Florida
He_et_al_2002,BH02 Site 2,M0453,0.0537,5.37,21.4666667,109.7166667,NA
Jones_et_al_2016,Jones_16_AAB1,M0978,0.0730485,7.30485,-13.45218855,48.61236306,Antsiranana
Jones_et_al_2016,Jones_16_AAB10,M0987,0.110061,11.0061,-13.4606,48.6401,Antsiranana
Jones_et_al_2016,Jones_16_AAB11,M0988,0.092914,9.2914,-13.4631,48.6125,Antsiranana
Jones_et_al_2016,Jones_16_AAB12,M0989,0.28914249999999997,28.914249999999996,-13.4632,48.6152,Antsiranana
Jones_et_al_2016,Jones_16_AAB13,M0990,0.16702299999999998,16.702299999999997,-13.4655,48.6096,Antsiranana
Jones_et_al_2016,Jones_16_AAB14,M0991,0.07875850000000001,7.875850000000001,-13.4588,48.5916,Antsiranana
Jones_et_al_2016,Jones_16_AAB15,M0992,0.028685499999999996,2.8685499999999995,-13.4575,48.5928,Antsiranana
Jones_et_al_2016,Jones_16_AAB16,M0993,0.1686875,16.86875,-13.4601,48.593,Antsiranana
Jones_et_al_2016,Jones_16_AAB17,M0994,0.156958,15.695799999999998,-13.4656,48.5878,Antsiranana
Jones_et_al_2016,Jones_16_AAB18,M0995,0.10417950000000001,10.417950000000001,-13.4679,48.5876,Antsiranana
Jones_et_al_2016,Jones_16_AAB19,M0996,0.123081,12.3081,-13.4576,48.6067,Antsiranana
Jones_et_al_2016,Jones_16_AAB2,M0979,0.058984999999999996,5.898499999999999,-13.45212758,48.6068987,Antsiranana
Jones_et_al_2016,Jones_16_AAB20,M0997,0.1816025,18.16025,-13.463,48.6068,Antsiranana
Jones_et_al_2016,Jones_16_AAB21,M0998,0.077498,7.7498,-13.4522,48.6235,Antsiranana
Jones_et_al_2016,Jones_16_AAB22,M0999,0.08781049999999999,8.781049999999999,-13.4524,48.6264,Antsiranana
Jones_et_al_2016,Jones_16_AAB23,M1000,0.071306,7.130599999999999,-13.4554,48.6456,Antsiranana
Jones_et_al_2016,Jones_16_AAB24,M1001,0.057287,5.7287,-13.5702,48.481,Antsiranana
Jones_et_al_2016,Jones_16_AAB25,M1002,0.086494,8.6494,-13.5676,48.4837,Antsiranana
Jones_et_al_2016,Jones_16_AAB27,M1003,0.072924,7.292400000000001,-13.5268,48.476,Antsiranana
Jones_et_al_2016,Jones_16_AAB28,M1004,0.034974,3.4974,-13.5752,48.4478,Antsiranana
Jones_et_al_2016,Jones_16_AAB29,M1005,0.041985,4.1985,-13.5726,48.4589,Antsiranana
Jones_et_al_2016,Jones_16_AAB3,M0980,0.1693865,16.93865,-13.46047755,48.63184299,Antsiranana
Jones_et_al_2016,Jones_16_AAB30,M1006,0.033658499999999994,3.3658499999999996,-13.5779,48.445,Antsiranana
Jones_et_al_2016,Jones_16_AAB31,M1007,0.1368275,13.682749999999999,-13.5377,48.4868,Antsiranana
Jones_et_al_2016,Jones_16_AAB32,M1008,0.07871999999999998,7.871999999999998,-13.5404,48.4871,Antsiranana
Jones_et_al_2016,Jones_16_AAB33,M1009,0.024049,2.4049,-13.5396,48.4843,Antsiranana
Jones_et_al_2016,Jones_16_AAB34,M1010,0.006499999999999995,0.6499999999999996,-13.5262,48.4456,Antsiranana
Jones_et_al_2016,Jones_16_AAB35,M1011,0.14017849999999998,14.01785,-13.5454,48.451,Antsiranana
Jones_et_al_2016,Jones_16_AAB36,M1012,0.041874,4.1874,-13.5538,48.4589,Antsiranana
Jones_et_al_2016,Jones_16_AAB37,M1013,0.0469855,4.69855,-13.5429,48.4536,Antsiranana
Jones_et_al_2016,Jones_16_AAB38,M1014,0.043871999999999994,4.387199999999999,-13.5643,48.445,Antsiranana
Jones_et_al_2016,Jones_16_AAB39,M1015,0.020611499999999998,2.0611499999999996,-13.5726,48.445,Antsiranana
Jones_et_al_2016,Jones_16_AAB4,M0981,0.09656849999999999,9.656849999999999,-13.46595091,48.63449413,Antsiranana
Jones_et_al_2016,Jones_16_AAB40,M1016,0.0287615,2.87615,-13.5698,48.4478,Antsiranana
Jones_et_al_2016,Jones_16_AAB41-42,M1017,0.04037199999999999,4.0371999999999995,-13.5535,48.4452,Antsiranana
Jones_et_al_2016,Jones_16_AAB43,M1018,0.037365499999999996,3.7365499999999994,-13.5535,48.4508,Antsiranana
Jones_et_al_2016,Jones_16_AAB44,M1019,0.017999999999999995,1.7999999999999996,-13.5536,48.4533,Antsiranana
Jones_et_al_2016,Jones_16_AAB45,M1020,0.0685615,6.8561499999999995,-13.5485,48.4786,Antsiranana
Jones_et_al_2016,Jones_16_AAB46,M1021,0.013499,1.3499,-13.5486,48.484,Antsiranana
Jones_et_al_2016,Jones_16_AAB47,M1022,0.0090625,0.9062499999999999,-13.5703,48.4797,Antsiranana
Jones_et_al_2016,Jones_16_AAB48,M1023,0.011974,1.1974,-13.5564,48.459,Antsiranana
Jones_et_al_2016,Jones_16_AAB49,M1024,0.011085499999999995,1.1085499999999995,-13.5592,48.4618,Antsiranana
Jones_et_al_2016,Jones_16_AAB5,M0982,0.111345,11.1345,-13.4578,48.6289,Antsiranana
Jones_et_al_2016,Jones_16_AAB6,M0983,0.121722,12.1722,-13.4742,48.6456,Antsiranana
Jones_et_al_2016,Jones_16_AAB7,M0984,0.0581975,5.81975,-13.477,48.6454,Antsiranana
Jones_et_al_2016,Jones_16_AAB8,M0985,0.1029095,10.29095,-13.463,48.6456,Antsiranana
Jones_et_al_2016,Jones_16_AAB9,M0986,0.0985,9.85,-13.4633,48.6427,Antsiranana
Kemp_et_al_2020,Barnegat_Bay,BB1B,0.43604170946666665,43.60417094666666,40.02988,-74.07995,New Jersey
Keshta_et_al_2020,Patuxent Wetland Park,PWP_HM_P1,0.3551134932275725,35.511349322757255,38.81198333405708,-76.70810406633375,Maryland
Keshta_et_al_2020,Patuxent Wetland Park,PWP_HM_P2,0.3173166604233645,31.73166604233645,38.81208135080214,-76.70808795315833,Maryland
Keshta_et_al_2020,Patuxent Wetland Park,PWP_HM_P3,0.3842668216918113,38.426682169181134,38.81216641925649,-76.70811474312322,Maryland
Keshta_et_al_2020,Patuxent Wetland Park,PWP_LM_P1,0.2541785546312682,25.41785546312682,38.81195793494289,-76.7082363737378,Maryland
Keshta_et_al_2020,Patuxent Wetland Park,PWP_LM_P2,0.19776977450022112,19.776977450022112,38.81212691793606,-76.70827265495332,Maryland
Keshta_et_al_2020,Patuxent Wetland Park,PWP_LM_P3,0.2206787171155241,22.06787171155241,38.81220500101525,-76.7083284129085,Maryland
Keshta_et_al_2020,Patuxent Wetland Park,PWP_MF_P1,0.19415394518464524,19.415394518464524,38.81188697421344,-76.70837952191667,Maryland
Keshta_et_al_2020,Patuxent Wetland Park,PWP_MF_P2,0.18529236607743876,18.529236607743876,38.81202850431237,-76.70831139482574,Maryland
Keshta_et_al_2020,Patuxent Wetland Park,PWP_MF_P3,0.1830520402217447,18.305204022174472,38.81215651164548,-76.70839924946185,Maryland
Keshta_et_al_2020,Patuxent Wetland Park,PWP_S_P1,0.3747638661767023,37.47638661767023,38.81184006542172,-76.70717657916659,Maryland
Keshta_et_al_2020,Patuxent Wetland Park,PWP_S_P2,0.47381996627306766,47.38199662730677,38.81224195663807,-76.70711965603479,Maryland
Keshta_et_al_2020,Patuxent Wetland Park,PWP_S_P3,0.44504788098422,44.504788098422,38.81252071854455,-76.70731436728501,Maryland
Keshta_et_al_2020,Patuxent Wetland Park,PWP_U_P1,0.07422090003352724,7.422090003352724,38.81163765411333,-76.7063091949458,Maryland
Keshta_et_al_2020,Patuxent Wetland Park,PWP_U_P2,0.05683206218754482,5.683206218754482,38.8122256735245,-76.70615047316333,Maryland
Keshta_et_al_2020,Patuxent Wetland Park,PWP_U_P3,0.06390593667349188,6.390593667349188,38.81296304719527,-76.7068706102677,Maryland
Keshta_et_al_2020,Wootons Landing Wetland Park,WLWP_HM_P1,0.05689837077107225,5.689837077107225,38.85608920270216,-76.69009660969645,Maryland
Keshta_et_al_2020,Wootons Landing Wetland Park,WLWP_HM_P2,0.028048384144700043,2.8048384144700043,38.85647619814628,-76.69012881997195,Maryland
Keshta_et_al_2020,Wootons Landing Wetland Park,WLWP_HM_P3,0.050659755865786825,5.065975586578682,38.85711490743528,-76.69020156298437,Maryland
Keshta_et_al_2020,Wootons Landing Wetland Park,WLWP_LM_P1,0.08418159567998977,8.418159567998977,38.8561080538552,-76.69066173482915,Maryland
Keshta_et_al_2020,Wootons Landing Wetland Park,WLWP_LM_P2,0.0751113337523738,7.511133375237381,38.85656160523578,-76.69045351769648,Maryland
Keshta_et_al_2020,Wootons Landing Wetland Park,WLWP_LM_P3,0.08207257948669477,8.207257948669477,38.85661865392953,-76.69086973765286,Maryland
Keshta_et_al_2020,Wootons Landing Wetland Park,WLWP_MF_P1,0.05328959282441208,5.3289592824412075,38.85636643984628,-76.69086376378351,Maryland
Keshta_et_al_2020,Wootons Landing Wetland Park,WLWP_MF_P2,0.027120176922828594,2.7120176922828594,38.8561120567087,-76.69038525222489,Maryland
Keshta_et_al_2020,Wootons Landing Wetland Park,WLWP_MF_P3,0.01620215202971746,1.6202152029717458,38.85704685067696,-76.69054567790187,Maryland
Keshta_et_al_2020,Wootons Landing Wetland Park,WLWP_U_P1,0.020988400721714894,2.0988400721714893,38.85602998394042,-76.68983015466472,Maryland
Keshta_et_al_2020,Wootons Landing Wetland Park,WLWP_U_P2,0.03190608951541537,3.190608951541537,38.85642665402231,-76.68981649603047,Maryland
Keshta_et_al_2020,Wootons Landing Wetland Park,WLWP_U_P3,0.05168983248812022,5.168983248812022,38.8572094859647,-76.68989264793683,Maryland
Krauss_et_al_2018,Savannah_River_high,savannah_high_1,0.21756666666666666,21.756666666666664,32.238,-81.155,Georgia
Krauss_et_al_2018,Savannah_River_low,savannah_low_1,0.202,20.200000000000003,32.18,-81.14,Georgia
Krauss_et_al_2018,Savannah_River_mid,savannah_mid_1,0.51395,51.395,32.17,-81.14,Georgia
Krauss_et_al_2018,Savannah_River_mid,savannah_mid_2,0.3733166666666667,37.33166666666667,32.24,-81.15,South Carolina
Krauss_et_al_2018,Waccamaw_River_Butler_island,butler_island_1,0.44062866666666667,44.062866666666665,33.422823,-79.207996,South Carolina
Krauss_et_al_2018,Waccamaw_River_Turkey_creek_high,turkey_creek_1,0.26714454545454547,26.714454545454547,33.35003,-79.3447,South Carolina
Lagomasino_et_al_2020,Huddy_Gut,HG1,0.07375833001298789,7.375833001298789,35.3746916994,-76.7301335601,North Carolina
Lagomasino_et_al_2020,Huddy_Gut,HG2,0.00505297992254555,0.5052979922545551,35.3746316113,-76.730129205,North Carolina
Lagomasino_et_al_2020,Huddy_Gut,HG3,0.2819791851595377,28.197918515953766,35.3743993811,-76.7302228912,North Carolina
Lagomasino_et_al_2020,Porpoise_Point,PP1,0.14797389185063956,14.797389185063956,35.2650816703,-76.4691082582,North Carolina
Lagomasino_et_al_2020,Porpoise_Point,PP2,0.11293958012948316,11.293958012948316,35.2650685693,-76.4692394053,North Carolina
Lagomasino_et_al_2020,Porpoise_Point,PP3,0.4448592663239165,44.485926632391646,35.2650316925,-76.4695406232,North Carolina
Liu_2005,QHL05 Site 2,M0458,0.01925,1.925,21.158102,110.429248,Guangdong
Liu_2005,QHL05 Site 3,M0459,0.03985,3.9849999999999994,21.105199,110.305425,Guangdong
Liu_2005,QHL05 Site 4,M0460,0.06142,6.142,21.105199,110.305425,Guangdong
Liu_2005,QHL05 Site 5,M0461,0.04954,4.954,21.208546,110.415755,NA
Liu_2005,QHL05 Site 6,M0462,0.05857,5.856999999999999,21.052469,110.200843,Guangdong
McClellan_et_al_2021,S06,S06-1,0.06703333333333333,6.703333333333333,29.937778,-93.400833,Louisiana
McClellan_et_al_2021,S06,S06-3,0.0602,6.02,29.937778,-93.400833,Louisiana
McClellan_et_al_2021,S14,S14-1,0.11073333333333334,11.073333333333334,29.961667,-93.413056,Louisiana
McClellan_et_al_2021,S14,S14-2,0.07146666666666666,7.1466666666666665,29.961667,-93.413056,Louisiana
McClellan_et_al_2021,S14,S14-3,0.06826666666666667,6.826666666666667,29.961667,-93.413056,Louisiana
McClellan_et_al_2021,S33,S33-1,0.11725,11.725,29.918889,-93.346667,Louisiana
McClellan_et_al_2021,S33,S33-2,0.054533333333333336,5.453333333333334,29.918889,-93.346667,Louisiana
McClellan_et_al_2021,S33,S33-3,0.056799999999999996,5.68,29.918889,-93.346667,Louisiana
McClellan_et_al_2021,S50,S50-1A,0.23295,23.294999999999998,29.926944,-93.438056,Louisiana
McClellan_et_al_2021,S50,S50-2A,0.3224166666666667,32.24166666666667,29.926944,-93.438056,Louisiana
McClellan_et_al_2021,S50,S50-3A,0.0761,7.61,29.926944,-93.438056,Louisiana
McClellan_et_al_2021,S50,S50-4B,0.4489666666666667,44.89666666666667,29.944167,-93.439167,Louisiana
McClellan_et_al_2021,S50,S50-5B,0.38556666666666667,38.556666666666665,29.944167,-93.439167,Louisiana
McClellan_et_al_2021,S50,S50-6B,0.31478333333333336,31.478333333333335,29.944167,-93.439167,Louisiana
McClellan_et_al_2021,W16,W16-1,0.03136666666666667,3.1366666666666667,29.501111,-91.480833,Louisiana
McClellan_et_al_2021,W16,W16-2,0.0325,3.25,29.501111,-91.480833,Louisiana
McClellan_et_al_2021,W16,W16-3,0.02575,2.5749999999999997,29.501111,-91.480833,Louisiana
McClellan_et_al_2021,W29,W29-1,0.09911666666666666,9.911666666666665,29.5125,-91.465556,Louisiana
McClellan_et_al_2021,W29,W29-2,0.09963333333333334,9.963333333333333,29.5125,-91.465556,Louisiana
McClellan_et_al_2021,W29,W29-3,0.10348333333333333,10.348333333333333,29.5125,-91.465556,Louisiana
McClellan_et_al_2021,W41,W41-1,0.12606666666666666,12.606666666666666,29.532222,-91.436111,Louisiana
McClellan_et_al_2021,W41,W41-2,0.1319,13.19,29.532222,-91.436111,Louisiana
McClellan_et_al_2021,W41,W41-3,0.10830000000000001,10.83,29.532222,-91.436111,Louisiana
McClellan_et_al_2021,W60,W60-1,0.27596666666666664,27.596666666666664,29.554167,-91.428333,Louisiana
McClellan_et_al_2021,W60,W60-2,0.22388333333333332,22.388333333333332,29.554167,-91.428333,Louisiana
McClellan_et_al_2021,W60,W60-3,0.20836666666666667,20.836666666666666,29.554167,-91.428333,Louisiana
McTigue_et_al_2020,Traps_Bay,TB_1L,0.5486249999999999,54.86249999999999,34.57328,-77.33851,North Carolina
McTigue_et_al_2020,Traps_Bay,TB_2L,0.4722857142857143,47.22857142857143,34.57321,-77.33844,North Carolina
McTigue_et_al_2020,Traps_Bay,TB_3L,0.27185714285714285,27.185714285714287,34.57315,-77.33842,North Carolina
Messerschmidt_and_Kirwan_2020,GCREW,C3,0.8272931383243114,82.72931383243115,38.87363778,-76.54973048,Maryland
Messerschmidt_and_Kirwan_2020,GCREW,C4,0.8182719025402421,81.8271902540242,38.87492769,-76.54990587,Maryland
Naidoo_1980,GN80 Avicennia marina 1,M1292,0.046,4.6,-29.808893,31.040096,Kwazulu-Natal
Naidoo_1980,GN80 Avicennia marina 2,M1293,0.054,5.4,-29.808775,31.040077,Kwazulu-Natal
Naidoo_1980,GN80 Avicennia marina 3,M1294,0.063,6.3,-29.808644,31.040053,Kwazulu-Natal
Naidoo_1980,GN80 Bruguiera gymnorrhiza 1,M1295,0.049,4.9,-29.806815,31.041038,Kwazulu-Natal
Naidoo_1980,GN80 Bruguiera gymnorrhiza 2,M1296,0.038,3.8,-29.806807,31.040694,Kwazulu-Natal
Naidoo_1980,GN80 Bruguiera gymnorrhiza 3,M1297,0.047,4.7,-29.806822,31.040338,Kwazulu-Natal
Naidoo_and_Raiman_1982,GN82 Mdloti,M1300,0.00428999999999999,0.428999999999999,-29.651374,31.126536,Kwazulu-Natal
Naidoo_and_Raiman_1982,GN82 Sipingo 2,M1299,0.04567,4.567,-29.988266,30.947644,Kwazulu-Natal
Nolte_2020,DSK,DSK_grazed_landward,0.06880105738777778,6.880105738777778,53.975318,8.891627,Schleswig-Holstein
Nolte_2020,DSK,DSK_grazed_seaward,0.03355203001,3.3552030009999996,53.972811,8.882471,Schleswig-Holstein
Nolte_2020,DSK,DSK_ungrazed_landward,0.032438768467037034,3.2438768467037034,53.974564,8.8923,Schleswig-Holstein
Nolte_2020,DSK,DSK_ungrazed_seaward,0.05469185099333333,5.469185099333333,53.971047,8.880281,Schleswig-Holstein
Nolte_2020,HH,HH_grazed_landward,0.05775611241933333,5.775611241933333,54.60247106,8.826773641,Schleswig-Holstein
Nolte_2020,HH,HH_grazed_seaward,0.04427564433666667,4.427564433666667,54.60449945,8.82546519,Schleswig-Holstein
Nolte_2020,HH,HH_ungrazed_landward,0.05355905599666667,5.3559055996666665,54.60409428,8.831177008,Schleswig-Holstein
Nolte_2020,HH,HH_ungrazed_seaward,0.03416063210466667,3.4160632104666666,54.60578955,8.829313003,Schleswig-Holstein
Nolte_2020,NFB,NFB_grazed_landward,0.105922844332,10.5922844332,53.34764266,5.773904187,Friesland
Nolte_2020,NFB,NFB_grazed_seaward,0.097205240086,9.7205240086,53.35008057,5.770186968,Friesland
Nolte_2020,NFB,NFB_ungrazed_landward,0.09872645184266667,9.872645184266666,53.33060597,5.710214978,Friesland
Nolte_2020,NFB,NFB_ungrazed_seaward,0.079482168134,7.9482168134,53.33251443,5.708878359,Friesland
Nolte_2020,SNK,SNK_grazed_landward,0.07418236675592593,7.418236675592594,54.6359499,8.838061003,Schleswig-Holstein
Nolte_2020,SNK,SNK_grazed_seaward,0.07574430697333333,7.574430697333333,54.63390664,8.835064841,Schleswig-Holstein
Nolte_2020,SNK,SNK_ungrazed_landward,0.10725744220851852,10.725744220851851,54.63700711,8.835950588,Schleswig-Holstein
Nolte_2020,SNK,SNK_ungrazed_seaward,0.07269362075222222,7.2693620752222214,54.63501759,8.832876803,Schleswig-Holstein
Nsombo_et_al_2016,ENN16 Tran2Well1,M0540,0.1218,12.18,4.457111111111112,8.902583333333334,NA
Okeefe-Suttles_et_al_2021_FL,Holly House,FL_HHMA,0.23823371428571427,23.823371428571427,27.580827,-82.563715,Florida
Okeefe-Suttles_et_al_2021_FL,Holly House,FL_HHMB,0.24242142857142857,24.242142857142856,27.580827,-82.563715,Florida
Okeefe-Suttles_et_al_2021_FL,Rocky Creek,FL_RCRA,0.056626875,5.6626875,27.993991,-82.586612,Florida
Okeefe-Suttles_et_al_2021_FL,Rocky Creek,FL_RCRB,0.046310125,4.6310125,27.993991,-82.586612,Florida
Okeefe-Suttles_et_al_2021_FL,Upper Tampa Bay,FL_UTR,0.06108483333333333,6.108483333333333,28.007103,-82.633002,Florida
Okeefe-Suttles_et_al_2021_FL,Weedon Island,FL_WI,0.3322565,33.22565,27.846063,-82.6015,Florida
Osland_et_al_2012,MJO12 ApolloBeach,M0338,0.0911666665,9.116666649999999,27.78192745,-82.41624855,Florida
Osland_et_al_2012,MJO12 Bishop Harbor,M0336,0.141333333,14.1333333,27.60241533,-82.56042559,Florida
Osland_et_al_2012,MJO12 Bullfrog Creek,M0339,0.26699999999999996,26.699999999999996,27.83455574,-82.38990985,Florida
Osland_et_al_2012,MJO12 East Cockroach Bay,M0333,0.2916666665,29.16666665,27.67697663,-82.50315615,Florida
Osland_et_al_2012,MJO12 Emerson Point,M0332,0.1623333335,16.233333350000002,27.5353,-82.6324,Florida
Osland_et_al_2012,MJO12 Little Cockroach Bay,M0335,0.41083333350000006,41.083333350000004,27.69477443,-82.51293104,Florida
Osland_et_al_2012,MJO12 Robinson Preserve,M0331,0.14250000000000002,14.250000000000002,27.5195,-82.6707,Florida
Osland_et_al_2012,MJO12 SouthCockroach Bay,M0334,0.5153333335,51.53333335,27.66978655,-82.51478185,Florida
Osland_et_al_2012,MJO12 Wolf Branch,M0337,0.2186666665,21.86666665,27.74003721,-82.46203998,Florida
Peck_et_al_2020,Alsea,ABOR1702_01PU,0.258,25.8,44.42655,-124.03931,Oregon
Peck_et_al_2020,Alsea,ABOR1702_02PU,0.27,27,44.42834,-124.04073,Oregon
Peck_et_al_2020,Alsea,ABOR1702_03PU,0.062,6.2,44.4292,-124.04055,Oregon
Peck_et_al_2020,Alsea,ABOR1702_04PU,0.10866666666666666,10.866666666666665,44.42488,-124.03357,Oregon
Peck_et_al_2020,Alsea,ABOR1702_05PU,0.22933333333333333,22.933333333333334,44.4238,-124.03346,Oregon
Peck_et_al_2020,Alsea,ABOR1702_06PU,0.19142857142857142,19.142857142857142,44.42208,-124.03351,Oregon
Peck_et_al_2020,Alsea,ABOR1702_07PU,0.218,21.8,44.42008,-124.01397,Oregon
Peck_et_al_2020,Alsea,ABOR1702_08PU,0.214,21.4,44.42109,-124.01403,Oregon
Peck_et_al_2020,Alsea,ABOR1702_09PU,0.11066666666666666,11.066666666666666,44.42109,-124.0142,Oregon
Peck_et_al_2020,Coquille,CMOR1706_01PU,0.13133333333333333,13.133333333333333,43.1454,-124.39635,Oregon
Peck_et_al_2020,Coquille,CMOR1706_02PU,0.39,39,43.14415,-124.39651,Oregon
Peck_et_al_2020,Coquille,CMOR1706_03PU,0.25466666666666665,25.466666666666665,43.14116,-124.40072,Oregon
Peck_et_al_2020,Coquille,CMOR1706_04PU,0.18533333333333332,18.53333333333333,43.14249,-124.40153,Oregon
Peck_et_al_2020,Coquille,CMOR1706_05PU,0.06066666666666667,6.066666666666666,43.1394,-124.40437,Oregon
Peck_et_al_2020,Coquille,CMOR1706_06PU,0.026666666666666665,2.6666666666666665,43.13893,-124.40505,Oregon
Peck_et_al_2020,Coquille,CMOR1706_08PU,0.17600000000000002,17.6,43.13018,-124.40729,Oregon
Peck_et_al_2020,Coquille,CMOR1706_09PU,0.04933333333333333,4.933333333333334,43.13409,-124.40674,Oregon
Peck_et_al_2020,Coquille,CMOR1706_10PU,0.11066666666666666,11.066666666666666,43.13622,-124.40226,Oregon
Peck_et_al_2020,Nehalem,NBOR1606_03PU,0.294,29.4,45.68991,-123.88976,Oregon
Peck_et_al_2020,Nehalem,NBOR1606_04PU,0.27466666666666667,27.46666666666667,45.69814,-123.88978,Oregon
Peck_et_al_2020,Nehalem,NBOR1606_05PU,0.13666666666666666,13.666666666666666,45.69754,-123.89879,Oregon
Peck_et_al_2020,Nehalem,NBOR1606_07PU,0.10400000000000001,10.4,45.70421,-123.90199,Oregon
Peck_et_al_2020,Nehalem,NBOR1606_08PU,0.2846666666666667,28.46666666666667,45.70323,-123.89372,Oregon
Peck_et_al_2020,Nehalem,NBOR1609_01PU,0.2846666666666667,28.46666666666667,45.7033,-123.8956,Oregon
Peck_et_al_2020,Netarts,NTOR1709_01PU,0.31466666666666665,31.466666666666665,45.3722,-123.9643,Oregon
Peck_et_al_2020,Netarts,NTOR1709_02PU,0.2793333333333333,27.933333333333334,45.3713,-123.9652,Oregon
Peck_et_al_2020,Netarts,NTOR1709_03PU,0.33066666666666666,33.06666666666666,45.37,-123.9661,Oregon
Peck_et_al_2020,Netarts,NTOR1709_04PU,0.2633333333333333,26.333333333333332,45.3691,-123.9667,Oregon
Peck_et_al_2020,Netarts,NTOR1802_01PU,0.406,40.6,45.36942,-123.96323,Oregon
Peck_et_al_2020,Netarts,NTOR1802_02PU,0.2773333333333333,27.73333333333333,45.37128,-123.96183,Oregon
Peck_et_al_2020,Netarts,NTOR1802_05PU,0.2978571428571429,29.78571428571429,45.37262,-123.96335,Oregon
Peck_et_al_2020,Netarts,NTOR1802_06PU,0.38466666666666666,38.46666666666667,45.36804,-123.96238,Oregon
Peck_et_al_2020,Netarts,NTOR1802_08PU,0.314,31.4,45.3661,-123.96595,Oregon
Peck_et_al_2020,Netarts,NTOR1802_09PU,0.372,37.2,45.37075,-123.95888,Oregon
Peck_et_al_2020,Salmon River,SROR1509_01PU,0.274,27.400000000000002,45.025,-123.97,Oregon
Peck_et_al_2020,Salmon River,SROR1509_02PU,0.324,32.4,45.026,-123.9719,Oregon
Peck_et_al_2020,Salmon River,SROR1509_03PU,0.2823076923076923,28.23076923076923,45.0264,-123.9758,Oregon
Peck_et_al_2020,Salmon River,SROR1509_04PU,0.30266666666666664,30.266666666666666,45.0239,-123.9731,Oregon
Peck_et_al_2020,Tillamook,TBOR1504_01PU,0.13733333333333334,13.733333333333334,45.48274,-123.89545,Oregon
Peck_et_al_2020,Tillamook,TBOR1504_02PU,0.20666666666666667,20.666666666666668,45.48137,-123.89361,Oregon
Peck_et_al_2020,Tillamook,TBOR1504_03PU,0.2,20,45.46867,-123.8805,Oregon
Peck_et_al_2020,Tillamook,TBOR1504_04PU,0.168,16.8,45.469,-123.88519,Oregon
Peck_et_al_2020,Tillamook,TBOR1504_05PU,0.24333333333333335,24.333333333333336,45.50962,-123.88386,Oregon
Peck_et_al_2020,Tillamook,TBOR1504_06PU,0.5026666666666667,50.26666666666667,45.51025,-123.88378,Oregon
Peck_et_al_2020,Youngs Bay,YBOR1502_01PU,0.23,23,46.10026,-123.78333,Oregon
Peck_et_al_2020,Youngs Bay,YBOR1502_02PU,0.26066666666666666,26.066666666666666,46.10576,-123.78404,Oregon
Peck_et_al_2020,Youngs Bay,YBOR1502_03PU,0.116,11.600000000000001,46.16869,-123.82468,Oregon
Peck_et_al_2020,Youngs Bay,YBOR1502_05PU,0.44466666666666665,44.46666666666667,46.1676,-123.8262,Oregon
Poppe_and_Rybczyk_2018,Padilla_Mud,Mud_1G,0.04934,4.934,48.549,-122.501,Washington
Poppe_and_Rybczyk_2019,Stillaguamish_HM1,HM1_7,0.07205717746666666,7.205717746666666,48.192,-122.363,Washington
Poppe_and_Rybczyk_2019,Stillaguamish_HM1,HM1_8,0.071545898,7.1545898,48.191,-122.363,Washington
Poppe_and_Rybczyk_2019,Stillaguamish_HM3,HM3_11,0.0786171128,7.86171128,48.201,-122.372,Washington
Poppe_and_Rybczyk_2019,Stillaguamish_HM3,HM3_20,0.05545645306666667,5.545645306666667,48.2,-122.371,Washington
Poppe_and_Rybczyk_2019,Stillaguamish_HM4,HM4_21,0.07956942040000001,7.95694204,48.217,-122.37,Washington
Poppe_and_Rybczyk_2019,Stillaguamish_HM4,HM4_22,0.077571697,7.7571696999999995,48.217,-122.37,Washington
Poppe_and_Rybczyk_2019,Stillaguamish_HM5,HM5_1,0.07735573933333334,7.735573933333334,48.227,-122.384,Washington
Poppe_and_Rybczyk_2019,Stillaguamish_HM5,HM5_2,0.07464643160000001,7.4646431600000005,48.227,-122.383,Washington
Poppe_and_Rybczyk_2019,Stillaguamish_LM1,LM1_10,0.0318085192,3.1808519200000003,48.187,-122.363,Washington
Poppe_and_Rybczyk_2019,Stillaguamish_LM1,LM1_9,0.03345878753333333,3.3458787533333334,48.188,-122.363,Washington
Poppe_and_Rybczyk_2019,Stillaguamish_LM3,LM3_13,0.07028761073333334,7.0287610733333334,48.201,-122.373,Washington
Poppe_and_Rybczyk_2019,Stillaguamish_LM3,LM3_16,0.07193344933333333,7.193344933333333,48.201,-122.373,Washington
Poppe_and_Rybczyk_2019,Stillaguamish_LM4,LM4_23,0.0705272748,7.05272748,48.216,-122.37,Washington
Poppe_and_Rybczyk_2019,Stillaguamish_LM4,LM4_24,0.07929103933333334,7.929103933333334,48.216,-122.37,Washington
Poppe_and_Rybczyk_2019,Stillaguamish_LM5,LM5_3,0.048478773866666665,4.847877386666666,48.226,-122.384,Washington
Poppe_and_Rybczyk_2019,Stillaguamish_LM5,LM5_4,0.03925898593333334,3.9258985933333337,48.226,-122.383,Washington
Poppe_and_Rybczyk_2019,Stillaguamish_R1,25A,0.06853124753333334,6.853124753333334,48.204,-122.37,Washington
Poppe_and_Rybczyk_2019,Stillaguamish_R1,25B,0.0579860656,5.79860656,48.204,-122.37,Washington
Poppe_and_Rybczyk_2019,Stillaguamish_R2,26A,0.06085056246666667,6.0850562466666664,48.202,-122.369,Washington
Poppe_and_Rybczyk_2019,Stillaguamish_R2,26B,0.09104545866666666,9.104545866666665,48.202,-122.369,Washington
Poppe_and_Rybczyk_2019,Stillaguamish_R3,27A,0.058129908333333334,5.812990833333333,48.19878,-122.3652,Washington
Poppe_and_Rybczyk_2019,Stillaguamish_R3,27B,0.0647334904,6.4733490399999996,48.19878,-122.3652,Washington
Poppe_and_Rybczyk_2019,Stillaguamish_R4,28A,0.0817061106,8.17061106,48.198480000000004,-122.3645,Washington
Poppe_and_Rybczyk_2019,Stillaguamish_R4,28B,0.059871287466666666,5.9871287466666665,48.198480000000004,-122.3645,Washington
Poppe_and_Rybczyk_2019,Stillaguamish_TF,TF_5A,0.023570312866666665,2.3570312866666665,48.202,-122.386,Washington
Poppe_and_Rybczyk_2019,Stillaguamish_TF,TF_5B,0.03043987873333333,3.043987873333333,48.202,-122.386,Washington
Poppe_et_al_2019,Snohomish_Heron_Point,HP_A,0.2557997801,25.579978009999998,48.0313999999999,-122.154799999999,Washington
Poppe_et_al_2019,Snohomish_Marysville_Mitigation,MA_A,0.1197141307,11.97141307,48.0382,-122.1634,Washington
Poppe_et_al_2019,Snohomish_North_Ebey,NE_A,0.1075085057,10.75085057,48.0352,-122.1626,Washington
Poppe_et_al_2019,Snohomish_Otter_Island,OI_A,0.1562163221,15.62163221,48.0084999999999,-122.1483,Washington
Poppe_et_al_2019,Snohomish_Quilceda_Marsh,QM_A,0.1177335107,11.77335107,48.0444,-122.2048,Washington
Poppe_et_al_2019,Snohomish_Qwuloolt,QW_B,0.128202117625,12.8202117625,48.0394999999999,-122.1573,Washington
Poppe_et_al_2019,Snohomish_Smith_Island_City,SS_B,0.0366970193,3.66970193,48.0035999999999,-122.1616,Washington
Poppe_et_al_2019,Snohomish_Smith_Island_County,SN_B,0.26147883255555554,26.147883255555556,48.0167,-122.1636,Washington
Poppe_et_al_2019,Snohomish_Spencer_Island,SP_A,0.12954876133333335,12.954876133333334,47.9902,-122.1611,Washington
Poppe_et_al_2019,Snohomish_Union_Slough,US_B,0.071515989,7.1515989,48.0307,-122.1784,Washington
Poppe_et_al_2019,Snohomish_WDFW_Forest,WF_A,0.2906466072857143,29.06466072857143,47.9652999999999,-122.1513,Washington
Poppe_et_al_2019,Snohomish_WDFW_Wetland,WW_A,0.37417147900000003,37.4171479,47.975,-122.1799,Washington
Rodriguez_et_al_2022,JB,JB_1,0.1954292851280998,19.54292851280998,35.23299236791269,-76.53350857236599,North Carolina
Rodriguez_et_al_2022,JB,JB_5,0.5820274098018168,58.20274098018168,35.23339840902408,-76.53348324952209,North Carolina
Rodriguez_et_al_2022,JB,JB_6,0.6357937167698645,63.579371676986455,35.2339300872102,-76.53350424641911,North Carolina
Rodriguez_et_al_2022,JB,JB_7,0.6500535077624239,65.00535077624238,35.23425319370825,-76.53362021655815,North Carolina
Rodriguez_et_al_2022,LB,LB_3,0.3475333538998682,34.75333538998682,34.94528799971974,-76.43210940580278,North Carolina
Rodriguez_et_al_2022,LB,LB_5,0.6470277961453734,64.70277961453735,34.94406060026792,-76.43144200640181,North Carolina
Rodriguez_et_al_2022,LB,LB_6,0.5912165755826463,59.12165755826463,34.94336145269209,-76.43109040453199,North Carolina
Rodriguez_et_al_2022,LB,LB_7,0.6667461851201695,66.67461851201695,34.942966224510045,-76.43096308733712,North Carolina
Rodriguez_et_al_2022,LB,LB_9,0.36235265956295143,36.235265956295144,34.942301715579895,-76.43073254446341,North Carolina
Rodriguez_et_al_2022,NB,NB_1,0.26473589043493595,26.473589043493597,34.86958996494203,-76.40849926414562,North Carolina
Rodriguez_et_al_2022,NB,NB_9,0.1835901191484636,18.35901191484636,34.86967605827695,-76.40885081995927,North Carolina
Rodriguez_et_al_2022,NPR_D,NPR_D_14,0.12940676252325506,12.940676252325506,34.75643594180295,-76.73613739966055,North Carolina
Rodriguez_et_al_2022,NPR_D,NPR_D_16,0.17127927455092776,17.127927455092777,34.756401133196356,-76.73604927364836,North Carolina
Rodriguez_et_al_2022,NPR_D,NPR_D_8,0.09621627236641331,9.62162723664133,34.75660143757188,-76.73654507778419,North Carolina
Rodriguez_et_al_2022,NPR_U,NPR_U_1,0.18184134542572267,18.184134542572266,34.75439828860939,-76.77798960512422,North Carolina
Rodriguez_et_al_2022,NPR_U,NPR_U_5,0.24705032980908212,24.70503298090821,34.7546067144751,-76.77791760358716,North Carolina
Rodriguez_et_al_2022,SRE_D,SRE_D_1,0.06092007805072872,6.092007805072872,33.93540566694162,-78.36867928957663,North Carolina
Rodriguez_et_al_2022,SRE_U,SRE_U_1,0.16145297166089406,16.145297166089406,33.954161754478285,-78.36339565442991,North Carolina
Rodriguez_et_al_2022,SRE_U,SRE_U_6,0.13131632951602148,13.131632951602148,33.9545749996937,-78.36290688457075,North Carolina
Sanders_et_al_2012_MER,CJS12 MER GTA,M1197,0.24661701895,24.661701895,-25.839566666666663,-48.60225277777778,Paran
Sanders_et_al_2012_MER,CJS12 MER PAA,M1198,0.1525596423565,15.25596423565,-25.343116666666667,-48.33346388888889,Paran
Schile-Beers_and_Megonigal_2017,Abu al Abyad 10 yr,Abu_al_Abyad_10_yr_planted_mangrove_3,0.00523693015409971,0.523693015409971,24.203841,53.800107,NA
Schile-Beers_and_Megonigal_2017,Abu al Abyad 10 yr,Abu_al_Abyad_10_yr_planted_mangrove_4,0.00885055556037455,0.885055556037455,24.203925,53.800166,NA
Schile-Beers_and_Megonigal_2017,Abu al Abyad 10 yr,Abu_al_Abyad_10_yr_planted_mangrove_5,0.00480507101948573,0.480507101948573,24.204011,53.80019,NA
Schile-Beers_and_Megonigal_2017,Abu al Abyad 3 yr,Abu_al_Abyad_3_yr_planted_mangrove_1,0.005621035969456876,0.5621035969456876,24.201495,53.802635,NA
Schile-Beers_and_Megonigal_2017,Abu al Abyad 3 yr,Abu_al_Abyad_3_yr_planted_mangrove_2,0.010169381713854144,1.0169381713854144,24.201425,53.80244,NA
Schile-Beers_and_Megonigal_2017,Abu al Abyad 3 yr,Abu_al_Abyad_3_yr_planted_mangrove_3,0.00425641224529153,0.42564122452915304,24.201363,53.802272,NA
Schile-Beers_and_Megonigal_2017,Abu al Abyad 3 yr,Abu_al_Abyad_3_yr_planted_mangrove_4,0.014947922874185405,1.4947922874185404,24.201309,53.802106,NA
Schile-Beers_and_Megonigal_2017,Abu al Abyad 3 yr,Abu_al_Abyad_3_yr_planted_mangrove_5,0.004737555643382455,0.4737555643382455,24.201225,53.80192,NA
Schile-Beers_and_Megonigal_2017,Abu al Abyad 5 yr,Abu_al_Abyad_5_yr_planted_mangrove_2,0.0090721219000609,0.90721219000609,24.20331,53.800715,NA
Schile-Beers_and_Megonigal_2017,Abu al Abyad 5 yr,Abu_al_Abyad_5_yr_planted_mangrove_3,0.01062929752578277,1.062929752578277,24.203229,53.80067,NA
Schile-Beers_and_Megonigal_2017,Ajman al Zorah,Ajman_al_Zorah_mangrove_1,0.016781829466971994,1.6781829466971994,25.4354,55.47844,NA
Schile-Beers_and_Megonigal_2017,Ajman al Zorah,Ajman_al_Zorah_mangrove_2,0.0054379589660526004,0.5437958966052601,25.4354,55.47844,NA
Schile-Beers_and_Megonigal_2017,Ajman al Zorah,Ajman_al_Zorah_mangrove_3,0.014989788279479065,1.4989788279479066,25.4354,55.47844,NA
Schile-Beers_and_Megonigal_2017,Ajman al Zorah,Ajman_al_Zorah_mangrove_4,0.008413707915190196,0.8413707915190196,25.4354,55.47844,NA
Schile-Beers_and_Megonigal_2017,Ajman al Zorah,Ajman_al_Zorah_mangrove_5,0.0123047284702557,1.23047284702557,25.4354,55.47844,NA
Schile-Beers_and_Megonigal_2017,Ajman al Zorah,Ajman_al_Zorah_mangrove_6,0.01688468834616639,1.688468834616639,25.4354,55.47844,NA
Schile-Beers_and_Megonigal_2017,Al Aryam,Al_Aryam_salt_marsh_1,0.014120917368933485,1.4120917368933485,24.25638,54.237588,NA
Schile-Beers_and_Megonigal_2017,Al Aryam,Al_Aryam_salt_marsh_2,0.019771740472500424,1.9771740472500423,24.256213,54.237661,NA
Schile-Beers_and_Megonigal_2017,Al Aryam,Al_Aryam_salt_marsh_3,0.02214518154690152,2.2145181546901522,24.256042,54.237708,NA
Schile-Beers_and_Megonigal_2017,Al Aryam,Al_Aryam_salt_marsh_4,0.00931619127881915,0.931619127881915,24.255852,54.237738,NA
Schile-Beers_and_Megonigal_2017,Al Aryam,Al_Aryam_salt_marsh_5,0.01333980483872812,1.333980483872812,24.25569,54.237801,NA
Schile-Beers_and_Megonigal_2017,Al Aryam,Al_Aryam_salt_marsh_6,0.013509297072655175,1.3509297072655175,24.255534,54.237849,NA
Schile-Beers_and_Megonigal_2017,Al Khor,Al_Khor_mangrove_1,0.01678525582252961,1.678525582252961,25.19062,55.32697,NA
Schile-Beers_and_Megonigal_2017,Al Khor,Al_Khor_mangrove_2,0.030556423504492895,3.0556423504492893,25.19062,55.32697,NA
Schile-Beers_and_Megonigal_2017,Al Khor,Al_Khor_mangrove_3,0.00674860656430612,0.674860656430612,25.19062,55.32697,NA
Schile-Beers_and_Megonigal_2017,Al Khor,Al_Khor_mangrove_4,0.022981774153832325,2.2981774153832326,25.19062,55.32697,NA
Schile-Beers_and_Megonigal_2017,Al Khor,Al_Khor_mangrove_5,0.006173111656698579,0.617311165669858,25.19062,55.32697,NA
Schile-Beers_and_Megonigal_2017,Al Khor,Al_Khor_mangrove_6,0.038592680769237823,3.859268076923782,25.19062,55.32697,NA
Schile-Beers_and_Megonigal_2017,Al Rams,Al_Rams_mangrove_1,0.00849241322717248,0.849241322717248,25.8981,56.03976,NA
Schile-Beers_and_Megonigal_2017,Al Rams,Al_Rams_mangrove_2,0.009557205101771469,0.9557205101771469,25.8981,56.03976,NA
Schile-Beers_and_Megonigal_2017,Al Rams,Al_Rams_mangrove_3,0.021498244743825144,2.1498244743825143,25.8981,56.03976,NA
Schile-Beers_and_Megonigal_2017,Al Rams,Al_Rams_mangrove_4,0.06565095032306595,6.565095032306595,25.8981,56.03976,NA
Schile-Beers_and_Megonigal_2017,Al Rams,Al_Rams_mangrove_5,0.02665777765303978,2.665777765303978,25.8981,56.03976,NA
Schile-Beers_and_Megonigal_2017,Al Rams,Al_Rams_mangrove_6,0.02740011160438369,2.7400111604383692,25.8981,56.03976,NA
Schile-Beers_and_Megonigal_2017,Al Shalila,Al_Shalila_mangrove_1,0.011786005638904312,1.178600563890431,24.65542,54.672732,NA
Schile-Beers_and_Megonigal_2017,Al Shalila,Al_Shalila_mangrove_2,0.01736237262970428,1.736237262970428,24.655574,54.672672,NA
Schile-Beers_and_Megonigal_2017,Al Shalila,Al_Shalila_mangrove_3,0.018710230718069966,1.8710230718069967,24.655773,54.672681,NA
Schile-Beers_and_Megonigal_2017,Al Shalila,Al_Shalila_mangrove_4,0.03489444342771198,3.4894443427711983,24.655967,54.672651,NA
Schile-Beers_and_Megonigal_2017,Al Shalila,Al_Shalila_mangrove_5,0.01866822946755169,1.866822946755169,24.656125,54.672637,NA
Schile-Beers_and_Megonigal_2017,Al Shalila,Al_Shalila_mangrove_6,0.013160191858729351,1.316019185872935,24.656292,54.672616,NA
Schile-Beers_and_Megonigal_2017,Bu Tinah Janoub,Bu_Tinah_Janoub_mangrove_1,0.0274877594152746,2.74877594152746,24.628174,53.053825,NA
Schile-Beers_and_Megonigal_2017,Bu Tinah Janoub,Bu_Tinah_Janoub_mangrove_2,0.01401963724325625,1.401963724325625,24.628021,53.053821,NA
Schile-Beers_and_Megonigal_2017,Bu Tinah Shamal,Bu_Tinah_Shamal_mangrove_3,0.28492155473400305,28.492155473400306,24.631548502251,53.0518286486615,NA
Schile-Beers_and_Megonigal_2017,Bu Tinah Shamal,Bu_Tinah_Shamal_mangrove_6,0.25030000496496124,25.030000496496125,24.6318758589332,53.0522721497143,NA
Schile-Beers_and_Megonigal_2017,Eastern Mangrove,Eastern_Mangrove_mangrove_1,0.03470473778231712,3.470473778231712,24.452339,54.440814,NA
Schile-Beers_and_Megonigal_2017,Eastern Mangrove,Eastern_Mangrove_mangrove_2,0.01951366204584417,1.951366204584417,24.452528,54.440902,NA
Schile-Beers_and_Megonigal_2017,Eastern Mangrove,Eastern_Mangrove_mangrove_3,0.05567836489594592,5.567836489594592,24.452703,54.440995,NA
Schile-Beers_and_Megonigal_2017,Eastern Mangrove,Eastern_Mangrove_mangrove_4,0.07390640121839491,7.390640121839491,24.452852,54.441087,NA
Schile-Beers_and_Megonigal_2017,Eastern Mangrove,Eastern_Mangrove_mangrove_5,0.21741648678934591,21.74164867893459,24.453038,54.441135,NA
Schile-Beers_and_Megonigal_2017,Eastern Mangrove,Eastern_Mangrove_mangrove_6,0.2425866537713154,24.258665377131543,24.453169,54.441281,NA
Schile-Beers_and_Megonigal_2017,Eastern Mangrove,Eastern_Mangrove_salt_marsh_1,0.009392625842743689,0.9392625842743689,24.4553315452674,54.4338875550939,NA
Schile-Beers_and_Megonigal_2017,Eastern Mangrove,Eastern_Mangrove_salt_marsh_2,0.01054946992642557,1.054946992642557,24.4554463205265,54.4337373245959,NA
Schile-Beers_and_Megonigal_2017,Eastern Mangrove,Eastern_Mangrove_salt_marsh_3,0.009627580560006784,0.9627580560006784,24.4555702861863,54.4335967678011,NA
Schile-Beers_and_Megonigal_2017,Eastern Mangrove,Eastern_Mangrove_salt_marsh_4,0.009817349963615194,0.9817349963615194,24.4556848931484,54.4334366798785,NA
Schile-Beers_and_Megonigal_2017,Eastern Mangrove,Eastern_Mangrove_salt_marsh_5,0.00993657580765778,0.993657580765778,24.4557996678813,54.4332864485641,NA
Schile-Beers_and_Megonigal_2017,Eastern Mangrove,Eastern_Mangrove_salt_marsh_6,0.00931095323148229,0.9310953231482291,24.4559052518347,54.4331265430225,NA
Schile-Beers_and_Megonigal_2017,Jubail Island,Jubail_Island_mangrove_1,0.00614849821684044,0.614849821684044,24.51896,54.469702,NA
Schile-Beers_and_Megonigal_2017,Jubail Island,Jubail_Island_mangrove_2,0.007760394536186516,0.7760394536186516,24.519107,54.46966,NA
Schile-Beers_and_Megonigal_2017,Jubail Island,Jubail_Island_mangrove_3,0.004863569253284325,0.4863569253284325,24.519283,54.46959,NA
Schile-Beers_and_Megonigal_2017,Jubail Island,Jubail_Island_mangrove_4,0.00484672653787167,0.484672653787167,24.519429,54.469557,NA
Schile-Beers_and_Megonigal_2017,Jubail Island,Jubail_Island_mangrove_5,0.00515843941017373,0.515843941017373,24.519583,54.469501,NA
Schile-Beers_and_Megonigal_2017,Jubail Island,Jubail_Island_mangrove_6,0.0097596099544046,0.97596099544046,24.519783,54.469409,NA
Schile-Beers_and_Megonigal_2017,Jubail Island,Jubail_Island_salt_marsh_1,0.004215788928081535,0.4215788928081535,24.519099,54.470849,NA
Schile-Beers_and_Megonigal_2017,Jubail Island,Jubail_Island_salt_marsh_2,0.00615554474667572,0.6155544746675721,24.519266,54.470914,NA
Schile-Beers_and_Megonigal_2017,Jubail Island,Jubail_Island_salt_marsh_3,0.0076420289635233,0.76420289635233,24.519429,54.470992,NA
Schile-Beers_and_Megonigal_2017,Jubail Island,Jubail_Island_salt_marsh_4,0.00497196543636976,0.49719654363697596,24.519593,54.471047,NA
Schile-Beers_and_Megonigal_2017,Jubail Island,Jubail_Island_salt_marsh_5,0.00844869805080241,0.844869805080241,24.519783,54.471158,NA
Schile-Beers_and_Megonigal_2017,Jubail Island East,Jubail_Island_East_mangrove_1,0.03801843561212393,3.8018435612123933,24.502869,54.533178,NA
Schile-Beers_and_Megonigal_2017,Jubail Island East,Jubail_Island_East_mangrove_2,0.02791542986898993,2.791542986898993,24.503097,54.533064,NA
Schile-Beers_and_Megonigal_2017,Jubail Island East,Jubail_Island_East_mangrove_3,0.01544426158037833,1.544426158037833,24.503279,54.53302,NA
Schile-Beers_and_Megonigal_2017,Jubail Island East,Jubail_Island_East_mangrove_4,0.014125728075493955,1.4125728075493955,24.503569,54.532889,NA
Schile-Beers_and_Megonigal_2017,Jubail Island East,Jubail_Island_East_mangrove_5,0.008903022191683,0.8903022191682999,24.503762,54.532859,NA
Schile-Beers_and_Megonigal_2017,Jubail Island East,Jubail_Island_East_mangrove_6,0.020280882235728635,2.0280882235728637,24.503978,54.532711,NA
Schile-Beers_and_Megonigal_2017,Jubail Island East,Jubail_Island_East_salt_marsh_1,0.01386645831326129,1.386645831326129,24.497854,54.532935,NA
Schile-Beers_and_Megonigal_2017,Jubail Island East,Jubail_Island_East_salt_marsh_2,0.00868696749290077,0.8686967492900771,24.497885,54.53276,NA
Schile-Beers_and_Megonigal_2017,Jubail Island East,Jubail_Island_East_salt_marsh_3,0.00861024976004073,0.861024976004073,24.497885,54.532552,NA
Schile-Beers_and_Megonigal_2017,Jubail Island East,Jubail_Island_East_salt_marsh_4,0.01161205326871097,1.1612053268710971,24.497928,54.532369,NA
Schile-Beers_and_Megonigal_2017,Jubail Island East,Jubail_Island_East_salt_marsh_5,0.017198119032869195,1.7198119032869195,24.49793,54.532212,NA
Schile-Beers_and_Megonigal_2017,Jubail Island East,Jubail_Island_East_salt_marsh_6,0.013444005027678035,1.3444005027678037,24.497941,54.532007,NA
Schile-Beers_and_Megonigal_2017,Kalba East,Kalba_East_mangrove_1,0.01858532196440906,1.858532196440906,25.007509,56.365198,NA
Schile-Beers_and_Megonigal_2017,Kalba East,Kalba_East_mangrove_2,0.014039060803436225,1.4039060803436225,25.007509,56.365198,NA
Schile-Beers_and_Megonigal_2017,Kalba East,Kalba_East_mangrove_3,0.017974327898642565,1.7974327898642566,25.007509,56.365198,NA
Schile-Beers_and_Megonigal_2017,Kalba East,Kalba_East_mangrove_4,0.00990605173630722,0.9906051736307221,25.007509,56.365198,NA
Schile-Beers_and_Megonigal_2017,Kalba East,Kalba_East_mangrove_5,0.033186961793058724,3.3186961793058725,25.007509,56.365198,NA
Schile-Beers_and_Megonigal_2017,Kalba East,Kalba_East_mangrove_6,0.01633755734718081,1.633755734718081,25.007509,56.365198,NA
Schile-Beers_and_Megonigal_2017,Kalba North,Kalba_North_mangrove_1,0.020448175672112497,2.0448175672112496,25.01736,56.35649,NA
Schile-Beers_and_Megonigal_2017,Kalba North,Kalba_North_mangrove_2,0.021120591417640867,2.1120591417640866,25.01736,56.35649,NA
Schile-Beers_and_Megonigal_2017,Kalba North,Kalba_North_mangrove_3,0.021152444829058883,2.1152444829058883,25.01736,56.35649,NA
Schile-Beers_and_Megonigal_2017,Kalba North,Kalba_North_mangrove_4,0.01527581868907726,1.527581868907726,25.01736,56.35649,NA
Schile-Beers_and_Megonigal_2017,Kalba North,Kalba_North_mangrove_5,0.00625355710991673,0.625355710991673,25.01736,56.35649,NA
Schile-Beers_and_Megonigal_2017,Kalba North,Kalba_North_mangrove_6,0.011943484753731706,1.1943484753731706,25.01736,56.35649,NA
Schile-Beers_and_Megonigal_2017,Kalba South,Kalba_South_mangrove_1,0.019104482257927324,1.9104482257927324,24.999839,56.365198,NA
Schile-Beers_and_Megonigal_2017,Kalba South,Kalba_South_mangrove_2,0.01230054445555997,1.230054445555997,24.999839,56.365198,NA
Schile-Beers_and_Megonigal_2017,Kalba South,Kalba_South_mangrove_3,0.02229962764954157,2.229962764954157,24.999839,56.365198,NA
Schile-Beers_and_Megonigal_2017,Kalba South,Kalba_South_mangrove_4,0.02222834688966213,2.222834688966213,24.999839,56.365198,NA
Schile-Beers_and_Megonigal_2017,Kalba South,Kalba_South_mangrove_5,0.017416242566952102,1.7416242566952103,24.999839,56.365198,NA
Schile-Beers_and_Megonigal_2017,Kalba South,Kalba_South_mangrove_6,0.022520129282168486,2.252012928216849,24.999839,56.365198,NA
Schile-Beers_and_Megonigal_2017,Kalba West,Kalba_West_mangrove_1,0.023584225262862534,2.3584225262862533,25.00956,56.35998,NA
Schile-Beers_and_Megonigal_2017,Kalba West,Kalba_West_mangrove_2,0.021590426941142184,2.1590426941142185,25.00956,56.35998,NA
Schile-Beers_and_Megonigal_2017,Kalba West,Kalba_West_mangrove_3,0.007010846670841278,0.7010846670841278,25.00956,56.35998,NA
Schile-Beers_and_Megonigal_2017,Kalba West,Kalba_West_mangrove_4,0.025651880843624297,2.56518808436243,25.00956,56.35998,NA
Schile-Beers_and_Megonigal_2017,Kalba West,Kalba_West_mangrove_5,0.01932642604333672,1.932642604333672,25.00956,56.35998,NA
Schile-Beers_and_Megonigal_2017,Kalba West,Kalba_West_mangrove_6,0.049505607136655555,4.950560713665555,25.00956,56.35998,NA
Schile-Beers_and_Megonigal_2017,Ras al Kaimah,Ras_al_Kaimah_mangrove_1,0.024269367246117717,2.4269367246117715,25.77278,55.94654,NA
Schile-Beers_and_Megonigal_2017,Ras al Kaimah,Ras_al_Kaimah_mangrove_2,0.03190591213145529,3.190591213145529,25.77278,55.94654,NA
Schile-Beers_and_Megonigal_2017,Ras al Kaimah,Ras_al_Kaimah_mangrove_3,0.03589391010494679,3.589391010494679,25.77278,55.94654,NA
Schile-Beers_and_Megonigal_2017,Ras al Kaimah,Ras_al_Kaimah_mangrove_4,0.03051064867313914,3.051064867313914,25.77278,55.94654,NA
Schile-Beers_and_Megonigal_2017,Ras al Kaimah,Ras_al_Kaimah_mangrove_5,0.04308572472008473,4.308572472008473,25.77278,55.94654,NA
Schile-Beers_and_Megonigal_2017,Ras al Kaimah,Ras_al_Kaimah_mangrove_6,0.04386035162139264,4.3860351621392635,25.77278,55.94654,NA
Schile-Beers_and_Megonigal_2017,Salaam,Salaam_mangrove_1,0.044650166289575736,4.4650166289575735,24.450327,54.409469,NA
Schile-Beers_and_Megonigal_2017,Salaam,Salaam_mangrove_2,0.013670313154792014,1.3670313154792013,24.450346,54.409641,NA
Schile-Beers_and_Megonigal_2017,Salaam,Salaam_mangrove_3,0.023452229197071756,2.3452229197071754,24.450385,54.409799,NA
Schile-Beers_and_Megonigal_2017,Salaam,Salaam_mangrove_4,0.03644236591106117,3.6442365911061168,24.45046,54.409987,NA
Schile-Beers_and_Megonigal_2017,Salaam,Salaam_mangrove_5,0.022458064624056074,2.2458064624056076,24.450522,54.41014,NA
Schile-Beers_and_Megonigal_2017,Salaam,Salaam_mangrove_6,0.03962163056445721,3.962163056445721,24.450527,54.410346,NA
Schile-Beers_and_Megonigal_2017,Sinnia,Sinnia_mangrove_1,0.04653314528469296,4.653314528469296,25.56217,55.60479,NA
Schile-Beers_and_Megonigal_2017,Sinnia,Sinnia_mangrove_2,0.09620952242422778,9.620952242422778,25.56217,55.60479,NA
Schile-Beers_and_Megonigal_2017,Sinnia,Sinnia_mangrove_3,0.08732479918309274,8.732479918309274,25.56217,55.60479,NA
Schile-Beers_and_Megonigal_2017,Sinnia,Sinnia_mangrove_4,0.008982551904081116,0.8982551904081115,25.56217,55.60479,NA
Schile-Beers_and_Megonigal_2017,Sinnia,Sinnia_mangrove_5,0.02657597326448452,2.6575973264484523,25.56217,55.60479,NA
Schile-Beers_and_Megonigal_2017,Sinnia,Sinnia_mangrove_6,0.0331217419644785,3.31217419644785,25.56217,55.60479,NA
Schile-Beers_and_Megonigal_2017,Umm al Quwain,Umm_al_Quwain_mangrove_1,0.010347698928448836,1.0347698928448836,25.53317,55.59277,NA
Schile-Beers_and_Megonigal_2017,Umm al Quwain,Umm_al_Quwain_mangrove_2,0.006604122154902119,0.6604122154902119,25.53317,55.59277,NA
Schile-Beers_and_Megonigal_2017,Umm al Quwain,Umm_al_Quwain_mangrove_3,0.03497081507159438,3.4970815071594377,25.53317,55.59277,NA
Schile-Beers_and_Megonigal_2017,Umm al Quwain,Umm_al_Quwain_mangrove_4,0.011681826843343901,1.16818268433439,25.53317,55.59277,NA
Schile-Beers_and_Megonigal_2017,Umm al Quwain,Umm_al_Quwain_mangrove_5,0.004552054062935335,0.45520540629353345,25.53317,55.59277,NA
Schile-Beers_and_Megonigal_2017,Umm al Quwain,Umm_al_Quwain_mangrove_6,0.007744601850005596,0.7744601850005596,25.53317,55.59277,NA
Sitoe_et_al_2014,AAS14 Sofala Bay,M0369,0.0273,2.73,-19.84184,34.766158,Sofala
Smith_et_al_2015,09WCC01,09WCC01_01,0.2568533333333333,25.685333333333332,29.61517,-92.645,Louisiana
Smith_et_al_2015,09WCC01,09WCC01_02,0.29819333333333337,29.819333333333336,29.6322,-92.5786,Louisiana
Smith_et_al_2015,09WCC01,09WCC01_03,0.18476,18.476,29.58866,-92.60558,Louisiana
Smith_et_al_2015,09WCC01,09WCC01_04,0.1644,16.439999999999998,29.58853,-92.60448,Louisiana
Smith_et_al_2015,09WCC01,09WCC01_05,0.16569333333333333,16.569333333333333,29.58832,-92.60329,Louisiana
Smith_et_al_2015,09WCC01,09WCC01_06,0.16272666666666666,16.272666666666666,29.59756,-92.60445,Louisiana
Smith_et_al_2015,09WCC01,09WCC01_07,0.20226666666666665,20.226666666666667,29.6111,-92.60441,Louisiana
Smith_et_al_2015,09WCC01,09WCC01_08,0.3548266666666667,35.48266666666667,29.62016,-92.60437,Louisiana
Smith_et_al_2015,09WCC01,09WCC01_09,0.27973333333333333,27.973333333333333,29.63649,-92.60405,Louisiana
StLaurent_et_al_2020,Blackbird Creek Reserve,BB_1_2017,0.13655171930657514,13.655171930657515,39.40419,-75.59953,Delaware
StLaurent_et_al_2020,Blackbird Creek Reserve,BB_10_2017,0.11737969076641316,11.737969076641317,39.43405,-75.58218,Delaware
StLaurent_et_al_2020,Blackbird Creek Reserve,BB_11_2017,0.1121001244150353,11.21001244150353,39.43193,-75.58095,Delaware
StLaurent_et_al_2020,Blackbird Creek Reserve,BB_12_2017,0.2046040600207031,20.46040600207031,39.38887,-75.62506,Delaware
StLaurent_et_al_2020,Blackbird Creek Reserve,BB_13_2017,0.22854099470659894,22.854099470659893,39.38897,-75.62479,Delaware
StLaurent_et_al_2020,Blackbird Creek Reserve,BB_14_2017,0.18863035882150186,18.863035882150186,39.38876,-75.62488,Delaware
StLaurent_et_al_2020,Blackbird Creek Reserve,BB_2_2017,0.22557990126487837,22.557990126487837,39.40213,-75.59877,Delaware
StLaurent_et_al_2020,Blackbird Creek Reserve,BB_3_2017,0.12403018737160593,12.403018737160593,39.39924,-75.59734,Delaware
StLaurent_et_al_2020,Blackbird Creek Reserve,BB_4_2017,0.11716469090607243,11.716469090607243,39.39498,-75.59724,Delaware
StLaurent_et_al_2020,Blackbird Creek Reserve,BB_5_2017,0.1268397845816637,12.68397845816637,39.39437,-75.59906,Delaware
StLaurent_et_al_2020,Blackbird Creek Reserve,BB_6_2017,0.14493262826359418,14.493262826359418,39.43938,-75.57602,Delaware
StLaurent_et_al_2020,Blackbird Creek Reserve,BB_7_2017,0.10972322282470723,10.972322282470722,39.44054,-75.57949,Delaware
StLaurent_et_al_2020,Blackbird Creek Reserve,BB_8_2017,0.13321744870951813,13.321744870951813,39.4388,-75.58141,Delaware
StLaurent_et_al_2020,Blackbird Creek Reserve,BB_9_2017,0.12481301429236849,12.481301429236849,39.4361,-75.58183,Delaware
StLaurent_et_al_2020,St Jones Reserve,SJR_1_2017,0.13177609923400385,13.177609923400386,39.08793,-75.43755,Delaware
StLaurent_et_al_2020,St Jones Reserve,SJR_1_2019_17,0.1959196675276836,19.59196675276836,39.088653,-75.43756,Delaware
StLaurent_et_al_2020,St Jones Reserve,SJR_1_2019_18,0.1290975015807247,12.90975015807247,39.08875,-75.436655,Delaware
StLaurent_et_al_2020,St Jones Reserve,SJR_1_2019_19,0.14598939540638195,14.598939540638195,39.088838,-75.437423,Delaware
StLaurent_et_al_2020,St Jones Reserve,SJR_1_2019_20,0.4018729174309173,40.18729174309173,39.08974,-75.43579,Delaware
StLaurent_et_al_2020,St Jones Reserve,SJR_10_2017,0.1299260537660947,12.99260537660947,39.08973,-75.43661,Delaware
StLaurent_et_al_2020,St Jones Reserve,SJR_10_2019,0.23666430444247563,23.666430444247563,39.08596,-75.4333,Delaware
StLaurent_et_al_2020,St Jones Reserve,SJR_11_2017,0.13403354561917305,13.403354561917306,39.0896,-75.43687,Delaware
StLaurent_et_al_2020,St Jones Reserve,SJR_12_2017,0.14416349419348196,14.416349419348196,39.08933,-75.43684,Delaware
StLaurent_et_al_2020,St Jones Reserve,SJR_13_2017,0.20873489067180978,20.873489067180977,39.08451,-75.4388,Delaware
StLaurent_et_al_2020,St Jones Reserve,SJR_14_2017,0.18120050093684675,18.120050093684675,39.08472,-75.43916,Delaware
StLaurent_et_al_2020,St Jones Reserve,SJR_15_2017,0.18075284158574023,18.07528415857402,39.08494,-75.43951,Delaware
StLaurent_et_al_2020,St Jones Reserve,SJR_16_2017,0.1479321414099229,14.793214140992289,39.08533,-75.44181,Delaware
StLaurent_et_al_2020,St Jones Reserve,SJR_17_2017,0.1378809457915891,13.78809457915891,39.08508,-75.44203,Delaware
StLaurent_et_al_2020,St Jones Reserve,SJR_2_2017,0.15237413185874688,15.237413185874688,39.08746,-75.43816,Delaware
StLaurent_et_al_2020,St Jones Reserve,SJR_2_2019_32,0.25665915429775893,25.665915429775893,39.088646,-75.437569,Delaware
StLaurent_et_al_2020,St Jones Reserve,SJR_2_2019_33,0.13731273645445546,13.731273645445546,39.088726,-75.437411,Delaware
StLaurent_et_al_2020,St Jones Reserve,SJR_2_2019_34,0.10686294366349387,10.686294366349387,39.088823,-75.436688,Delaware
StLaurent_et_al_2020,St Jones Reserve,SJR_2_2019_35,0.23388082322950382,23.388082322950382,39.09065,-75.43557,Delaware
StLaurent_et_al_2020,St Jones Reserve,SJR_3_2017,0.13971746101827553,13.971746101827554,39.08715,-75.43875,Delaware
StLaurent_et_al_2020,St Jones Reserve,SJR_3_2019_38,0.24096423814186974,24.096423814186974,39.088573,-75.437628,Delaware
StLaurent_et_al_2020,St Jones Reserve,SJR_3_2019_39,0.13089566417623638,13.089566417623638,39.088706,-75.437313,Delaware
StLaurent_et_al_2020,St Jones Reserve,SJR_3_2019_40,0.11011244635690828,11.011244635690828,39.088877,-75.436708,Delaware
StLaurent_et_al_2020,St Jones Reserve,SJR_3_2019_41,0.22232785539931657,22.23278553993166,39.08968,-75.43697,Delaware
StLaurent_et_al_2020,St Jones Reserve,SJR_4_2017,0.15417947287863637,15.417947287863637,39.08674,-75.43939,Delaware
StLaurent_et_al_2020,St Jones Reserve,SJR_4_2019,0.17509100117395585,17.509100117395583,39.08543,-75.43567,Delaware
StLaurent_et_al_2020,St Jones Reserve,SJR_5_2017,0.15317110349297475,15.317110349297474,39.08599,-75.44081,Delaware
StLaurent_et_al_2020,St Jones Reserve,SJR_5_2019,0.2726134716812224,27.261347168122242,39.08424,-75.43542,Delaware
StLaurent_et_al_2020,St Jones Reserve,SJR_6_2017,0.18100111875882752,18.100111875882753,39.08952,-75.43815,Delaware
StLaurent_et_al_2020,St Jones Reserve,SJR_6_2019,0.3828895624087205,38.288956240872054,39.08461,-75.43478,Delaware
StLaurent_et_al_2020,St Jones Reserve,SJR_7_2017,0.1872216950426677,18.72216950426677,39.08953,-75.43816,Delaware
StLaurent_et_al_2020,St Jones Reserve,SJR_7_2019,0.4743637409072918,47.436374090729174,39.0848,-75.43504,Delaware
StLaurent_et_al_2020,St Jones Reserve,SJR_8_2019,0.17660607490050872,17.66060749005087,39.08486,-75.4352,Delaware
StLaurent_et_al_2020,St Jones Reserve,SJR_9_2017,0.1572509178035121,15.72509178035121,39.09011,-75.43624,Delaware
StLaurent_et_al_2020,St Jones Reserve,SJR_9_2019,0.2786736495520778,27.86736495520778,39.08553,-75.43307,Delaware
Thom_1992,Elk_River_Not_Diked,ER1,0.17407692307692307,17.407692307692308,46.862043,-124.089703,Washington
Thom_1992,Nisqually_River_Delta,ND2,0.08488888888888889,8.488888888888889,47.09647,-122.701526,Washington
Thom_1992,Nisqually_River_Delta,ND4,0.16254545454545455,16.254545454545454,47.095121,-122.701792,Washington
Thom_1992,Salmon_River,SR1,0.20461538461538462,20.46153846153846,45.037782,-123.985818,Oregon
Thorne_et_al_2015,Bandon,BM01,0.11289457936473593,11.289457936473593,43.14237109346367,-124.4034599951406,Oregon
Thorne_et_al_2015,Coos Bay,CB00,0.1600486291663681,16.00486291663681,43.36717504541264,-124.17005744882468,Oregon
Thorne_et_al_2015,Coos Bay,CB03,0.17170932845950315,17.170932845950315,43.37102106084798,-124.16994624452369,Oregon
Thorne_et_al_2015,Coos Bay,CB06,0.1469507234282654,14.69507234282654,43.373872455054055,-124.17375353002086,Oregon
Thorne_et_al_2015,Grays Harbor,GH01,0.05031541781625622,5.031541781625622,46.978817060526715,-123.92796837755476,Washington
Thorne_et_al_2015,Grays Harbor,GH03,0.08285834765367982,8.285834765367982,46.98010475330262,-123.93008130285246,Washington
Thorne_et_al_2015,Grays Harbor,GH06,0.381104619676297,38.110461967629696,46.98092431674723,-123.93221249064192,Washington
Thorne_et_al_2015,Nisqually,NQ01,0.09456995080236108,9.456995080236108,47.09135612698854,-122.69633392436556,Washington
Thorne_et_al_2015,Nisqually,NQ04,0.17579875988854668,17.579875988854667,47.0918875032414,-122.69312911455812,Washington
Thorne_et_al_2015,Nisqually,NQ06,0.05668906840441407,5.668906840441407,47.091971145018576,-122.69077011060116,Washington
Thorne_et_al_2015,PortSusan,PS02,0.055856220395459656,5.5856220395459655,48.19494066145041,-122.36396803287114,Washington
Thorne_et_al_2015,PortSusan,PS04,0.06283103589918138,6.283103589918138,48.19248123818102,-122.36337950148712,Washington
Thorne_et_al_2015,PortSusan,PS05,0.017220936243674656,1.7220936243674656,48.18588809137904,-122.3620484742188,Washington
Thorne_et_al_2015,Siletz,SZ02,0.18008243504496893,18.008243504496892,44.888083090026434,-123.9955349172886,Oregon
Thorne_et_al_2015,Siletz,SZ03,0.19717815082859028,19.717815082859026,44.89233162373036,-124.00278881058372,Oregon
Thorne_et_al_2015,Siletz,SZ05,0.2137250258632348,21.37250258632348,44.896356544558714,-124.01287683857832,Oregon
Thorne_et_al_2015,Skokomish,SK02,0.19748233625021358,19.748233625021356,47.34071596329775,-123.1452590191924,Washington
Thorne_et_al_2015,Skokomish,SK04,0.2607802845389036,26.07802845389036,47.34247311090436,-123.14327809406392,Washington
Thorne_et_al_2015,Skokomish,SK06,0.09846805137415106,9.846805137415107,47.34352833211183,-123.14132164177836,Washington
Thorne_et_al_2015,Willapa,WB01,0.15071250570794262,15.071250570794263,46.371936694855606,-124.00573820079032,Washington
Thorne_et_al_2015,Willapa,WB04,0.07261893933128896,7.2618939331288965,46.37570678091653,-124.00583342423973,Washington
Thorne_et_al_2015,Willapa,WB06,0.0936736372810386,9.367363728103859,46.37943784513057,-124.00422445441863,Washington
Unger_et_al_2016,Channel_Creek,CC1U,0.2748,27.48,39.626412,-74.257139,New Jersey
Unger_et_al_2016,Channel_Creek,CC2U,0.30833333333333335,30.833333333333336,39.629015,-74.257836,New Jersey
Unger_et_al_2016,Channel_Creek,CC3U,0.29273333333333335,29.273333333333333,39.632963,-74.259188,New Jersey
Unger_et_al_2016,Dennis_Creek,DN1U,0.34886666666666666,34.88666666666666,39.171719,-74.875761,New Jersey
Unger_et_al_2016,Dennis_Creek,DN2U,0.2692,26.919999999999998,39.176258,-74.862284,New Jersey
Unger_et_al_2016,Dennis_Creek,DN3U,0.2668,26.68,39.180457,-74.838281,New Jersey
Unger_et_al_2016,Dividing_Creek,DV1U,0.2584666666666667,25.846666666666668,39.225195,-75.107766,New Jersey
Unger_et_al_2016,Dividing_Creek,DV2U,0.19813333333333333,19.813333333333333,39.235697,-75.112711,New Jersey
Unger_et_al_2016,Dividing_Creek,DV3U,0.511,51.1,39.240992,-75.103073,New Jersey
Unger_et_al_2016,Island_Beach_State_Park,IB1U,0.49726666666666663,49.72666666666667,39.79875,-74.102498,New Jersey
Unger_et_al_2016,Island_Beach_State_Park,IB2U,0.48560000000000003,48.56,39.799347,-74.101724,New Jersey
Unger_et_al_2016,Island_Beach_State_Park,IB3U,0.4862,48.620000000000005,39.799634,-74.099346,New Jersey
Unger_et_al_2016,Maurice_River,MR1U,0.19973333333333332,19.973333333333333,39.242347,-75.011272,New Jersey
Unger_et_al_2016,Maurice_River,MR2U,0.1908,19.08,39.26585,-74.995256,New Jersey
Unger_et_al_2016,Reedy_Creek,RC1U,0.47213333333333335,47.21333333333334,40.030725,-74.077599,New Jersey
Unger_et_al_2016,Reedy_Creek,RC2U,0.5224666666666666,52.24666666666666,40.029045000000004,-74.084554,New Jersey
Unger_et_al_2016,Reedy_Creek,RC3U,0.5103333333333333,51.03333333333333,40.031056,-74.085961,New Jersey
Vasconcelos_et_al_2014,AFD14 Point 2,M1370,0.782,78.2,-7.081431,-34.872431,Paraba
Weis_et_al_2001,Tijuana_Estuary,Tijuana_Estuary_East_low,0.092174999999999993,9.2175,32.567032,-117.130867,California
Weis_et_al_2001,Tijuana_Estuary,Tijuana_Estuary_East_mid_1,0.09778,9.778,32.566902,-117.130284,California
Weis_et_al_2001,Tijuana_Estuary,Tijuana_Estuary_East_mid_2,0.07932499999999999,7.932499999999999,32.566728,-117.129669,California
Weis_et_al_2001,Tijuana_Estuary,Tijuana_Estuary_West_low,0.12029999999999999,12.03,32.571838,-117.129704,California
Weis_et_al_2001,Tijuana_Estuary,Tijuana_Estuary_West_mid_1,0.08176,8.176,32.572039,-117.130432,California
Weis_et_al_2001,Tijuana_Estuary,Tijuana_Estuary_West_mid_2,0.0937,9.370000000000001,32.572335,-117.131078,California
Weston_et_al_2020,Altamaha,ALT_3,0.21068651499861238,21.06865149986124,31.310387,-81.340843,Georgia
Weston_et_al_2020,Altamaha,ALT_5,0.10394795514387965,10.394795514387965,31.328405,-81.371843,Georgia
Weston_et_al_2020,Altamaha,ALT_6,0.148258396113877,14.8258396113877,31.322869,-81.348718,Georgia
Weston_et_al_2020,Altamaha,ALT_9,0.14008438018686853,14.008438018686853,31.337534,-81.367691,Georgia
Weston_et_al_2020,Cape Fear,CPF_2,0.23383347297716792,23.383347297716792,33.9521,-77.9757,North Carolina
Weston_et_al_2020,Cape Fear,CPF_4,0.1552680908924118,15.526809089241182,33.9205,-77.9731,North Carolina
Weston_et_al_2020,Cape Fear,CPF_6,0.11050875962589858,11.050875962589858,33.911,-77.9733,North Carolina
Weston_et_al_2020,Cape Fear,CPF_7,0.10696653364829563,10.696653364829563,33.9098,-77.97,North Carolina
Weston_et_al_2020,Connecticut,CON_1,0.17306773070336418,17.30677307033642,41.3001588,-72.3565551,Connecticut
Weston_et_al_2020,Delaware,DEL_3,0.24078361866162157,24.078361866162158,39.241633,-75.1599044,New Jersey
Weston_et_al_2020,Delaware,DEL_5,0.23941348146916608,23.941348146916607,39.175475,-74.85718324,New Jersey
Weston_et_al_2020,Delaware,DEL_9,0.1734102468864712,17.34102468864712,39.207431,-75.40662405,Delaware
Weston_et_al_2020,Edisto,EDS_1,0.11137422490409846,11.137422490409845,32.512638,-80.369912379202,South Carolina
Weston_et_al_2020,Edisto,EDS_10,0.048993181597642835,4.899318159764284,32.549202,-80.4229021999138,South Carolina
Weston_et_al_2020,Edisto,EDS_5,0.12457322806976506,12.457322806976507,32.539472,-80.3780401675841,South Carolina
Weston_et_al_2020,Edisto,EDS_9,0.0617236474826629,6.17236474826629,32.539344,-80.4149930687957,South Carolina
Weston_et_al_2020,James,JMS_2,0.11002541238293934,11.002541238293933,36.963321,-76.49417063,Virginia
Weston_et_al_2020,James,JMS_3,0.131200059915524,13.1200059915524,36.960703,-76.49183393,Virginia
Weston_et_al_2020,James,JMS_4,0.18954200705770677,18.954200705770678,36.958421,-76.49064114,Virginia
Weston_et_al_2020,Kennebec,KEN_1,0.28458901603628983,28.458901603628984,43.763326,-69.77064814,Maine
Weston_et_al_2020,Kennebec,KEN_7,0.4521367995974251,45.21367995974251,43.742535,-69.80410487,Maine
Weston_et_al_2020,Plum Island Sound,PIE_1,0.1987724222417613,19.877242224176133,42.7364795,-70.843544,Massachusetts
Weston_et_al_2020,Plum Island Sound,PIE_2,0.24689791260134172,24.68979126013417,42.734807000000004,-70.8420865,Massachusetts
Weston_et_al_2020,Plum Island Sound,PIE_7,0.4909860054187415,49.09860054187415,42.7398106,-70.801985,Massachusetts
Weston_et_al_2020,Plum Island Sound,PIE_8,0.23989223283066624,23.989223283066625,42.7328231,-70.819291,Massachusetts
Weston_et_al_2020,York,YRK_2,0.14369858472761318,14.369858472761319,37.222046,-76.40676992,Virginia
Weston_et_al_2020,York,YRK_3,0.26366931793257914,26.366931793257915,37.221712,-76.40215684,Virginia
Weston_et_al_2020,York,YRK_5,0.19274445014004818,19.27444501400482,37.298197,-76.55527604,Virginia
White_et_al_2020,Estuary,Estuary_1,0.3745156666666667,37.45156666666667,29.44657,-89.90633,Louisiana
White_et_al_2020,Estuary,Estuary_2,0.4262766666666667,42.62766666666667,29.44657,-89.90633,Louisiana
White_et_al_2020,Estuary,Estuary_3,0.446465,44.6465,29.44657,-89.90633,Louisiana
White_et_al_2020,Marsh_1,Marsh_1_1,0.271684,27.1684,29.446837,-89.905628,Louisiana
White_et_al_2020,Marsh_1,Marsh_1_2,0.21280999999999997,21.281,29.446837,-89.905628,Louisiana
White_et_al_2020,Marsh_2,Marsh_2_1,0.26972999999999997,26.972999999999995,29.44679,-89.905927,Louisiana
White_et_al_2020,Marsh_2,Marsh_2_2,0.231312,23.1312,29.44679,-89.905927,Louisiana
White_et_al_2020,Marsh_3,Marsh_3_1,0.316542,31.6542,29.446688,-89.905857,Louisiana
White_et_al_2020,Marsh_3,Marsh_3_2,0.3120576666666667,31.20576666666667,29.446688,-89.905857,Louisiana
White_et_al_2020,Marsh_4,Marsh_4_1,0.2692076666666667,26.92076666666667,29.443585,-89.899836,Louisiana
White_et_al_2020,Marsh_4,Marsh_4_2,0.29226966666666665,29.226966666666666,29.443585,-89.899836,Louisiana
Yando_et_al_2016,ESY16 Cedar Key,M0969,0.042666666666666665,4.266666666666667,29.143041,-83.031774,Florida
Yando_et_al_2016,ESY16 Port Aransas,M0967,0.3016666666666667,30.166666666666668,27.868474,-97.056789,Texas
Yando_et_al_2016,ESY16 Port Fourchon,M0968,0.12366666666666667,12.366666666666667,29.11146,-90.198058,Louisiana
Zhang_and_Lin_1998,ZL98 Dongyu,M0451,0.0187,1.87,24.480737,118.037454,Fujian
